slug,name,state,unitid,doctoral,web
a-t-still-university-of-health-sciences,A T Still University of Health Sciences,MO,177834,1,www.atsu.edu/
abilene-christian-university,Abilene Christian University,TX,222178,1,www.acu.edu/
abraham-lincoln-university,Abraham Lincoln University,CA,488031,1,https://www.alu.edu/
academy-for-five-element-acupuncture,Academy for Five Element Acupuncture,FL,451079,0,www.acupuncturist.edu/
academy-for-jewish-religion,Academy for Jewish Religion,NY,497718,0,https://ajr.edu/
academy-for-jewish-religion-california,Academy for Jewish Religion California,CA,457271,0,www.ajrca.edu/
academy-of-art-university,Academy of Art University,CA,108232,0,www.academyart.edu/
academy-of-chinese-culture-and-health-sciences,Academy of Chinese Culture and Health Sciences,CA,108269,1,www.acchs.edu/
acupuncture-and-integrative-medicine-college-berkeley,Acupuncture and Integrative Medicine College-Berkeley,CA,384306,1,https://www.aimc.edu/
acupuncture-and-massage-college,Acupuncture and Massage College,FL,439969,0,www.amcollege.edu/
adams-state-university,Adams State University,CO,126182,1,www.adams.edu/
adelphi-university,Adelphi University,NY,188429,1,www.adelphi.edu/
adler-graduate-school,Adler Graduate School,MN,374024,0,www.alfredadler.edu/
adler-university,Adler University,IL,142832,1,https://www.adler.edu/
adrian-college,Adrian College,MI,168528,0,www.adrian.edu/
adventhealth-university,AdventHealth University,FL,133872,1,www.ahu.edu/
agnes-scott-college,Agnes Scott College,GA,138600,0,www.agnesscott.edu/
agora-university,Agora University,VA,498915,0,https://www.agora.edu/
ai-miami-international-university-of-art-and-design,AI Miami International University of Art and Design,FL,134811,0,www.artinstitutes.edu/miami/
air-force-institute-of-technology-graduate-school-of-engineering-and-management,Air Force Institute of Technology-Graduate School of Engineering & Management,OH,200697,1,www.afit.edu/
alabama-a-and-m-university,Alabama A & M University,AL,100654,1,www.aamu.edu/
alabama-college-of-osteopathic-medicine,Alabama College of Osteopathic Medicine,AL,483975,1,https://www.acom.edu/
alabama-state-university,Alabama State University,AL,100724,1,www.alasu.edu/
alaska-pacific-university,Alaska Pacific University,AK,102669,1,www.alaskapacific.edu/
albany-college-of-pharmacy-and-health-sciences,Albany College of Pharmacy and Health Sciences,NY,188526,1,www.acphs.edu/
albany-law-school,Albany Law School,NY,188535,1,www.albanylaw.edu/
albany-medical-college,Albany Medical College,NY,188580,1,www.amc.edu/
albany-state-university,Albany State University,GA,138716,0,https://www.asurams.edu/
albert-einstein-college-of-medicine,Albert Einstein College of Medicine,NY,385415,1,www.einsteinmed.edu/
albertus-magnus-college,Albertus Magnus College,CT,128498,0,https://www.albertus.edu/
albizu-university-miami,Albizu University-Miami,FL,132842,1,https://www.albizu.edu/
albizu-university-san-juan,Albizu University-San Juan,PR,241331,1,https://www.albizu.edu/
albright-college,Albright College,PA,210571,0,www.albright.edu/home/
alcorn-state-university,Alcorn State University,MS,175342,1,www.alcorn.edu/
alder-graduate-school-of-education,Alder Graduate School of Education,CA,495192,0,https://aldergse.edu/
alderson-broaddus-university,Alderson Broaddus University,WV,237118,0,
alfred-university,Alfred University,NY,188641,1,www.alfred.edu/
alhambra-medical-university,Alhambra Medical University,CA,487995,1,www.amu.edu/
allen-college,Allen College,IA,152798,1,www.allencollege.edu/
allen-university,Allen University,SC,217624,1,https://www.allenuniversity.edu/
alliance-university,Alliance University,NY,194161,1,
alliant-international-university-san-diego,Alliant International University-San Diego,CA,110468,1,https://www.alliant.edu/
alma-college,Alma College,MI,168591,0,www.alma.edu/
alvernia-university,Alvernia University,PA,210775,1,https://www.alvernia.edu/
alverno-college,Alverno College,WI,238193,1,https://www.alverno.edu/
amberton-university,Amberton University,TX,222628,0,www.amberton.edu/
america-evangelical-university,America Evangelical University,CA,490081,1,www.aeu.edu/
american-academy-of-health-and-wellness,American Academy of Health and Wellness,MN,446002,1,https://www.acupunctureschoolusa.com/
american-college-of-acupuncture-and-oriental-med,American College of Acupuncture and Oriental Med,TX,429085,1,www.acaom.edu/
american-college-of-education,American College of Education,IN,449889,1,www.ace.edu/
american-college-of-financial-services,American College of Financial Services,PA,210809,1,https://www.theamericancollege.edu/
american-college-of-healthcare-sciences,American College of Healthcare Sciences,OR,443599,1,www.achs.edu/
american-film-institute-conservatory,American Film Institute Conservatory,CA,108870,0,www.afi.com/
american-institute-of-alternative-medicine,American Institute of Alternative Medicine,OH,441636,0,www.aiam.edu/
american-intercontinental-university-system,American InterContinental University System,AZ,445027,1,https://www.aius.education/
american-intercontinental-university-atlanta,American InterContinental University-Atlanta,GA,438586,0,www.aiuniv.edu/online-campus/campus-locations/atlanta
american-intercontinental-university-houston,American InterContinental University-Houston,TX,445133,0,www.aiuniv.edu/online-campus/campus-locations/houston
american-international-college,American International College,MA,164447,1,www.aic.edu/
american-islamic-college,American Islamic College,IL,142957,0,www.aicusa.edu/
american-jewish-university,American Jewish University,CA,116846,1,www.aju.edu/
american-musical-and-dramatic-academy,American Musical and Dramatic Academy,NY,188854,0,www.amda.edu/
american-national-university,American National University,VA,232797,0,https://www.an.edu/locations/
american-national-university-pikeville,American National University-Pikeville,KY,157021,0,https://www.an.edu/locations/
american-public-university-system,American Public University System,WV,449339,1,https://www.apus.edu/
american-university,American University,DC,131159,1,www.american.edu/
american-university-of-health-sciences,American University of Health Sciences,CA,433004,1,https://www.auhs.edu/
american-university-of-puerto-rico,American University of Puerto Rico,PR,241100,0,aupr.edu/
american-university-of-puerto-rico,American University of Puerto Rico,PR,241128,0,aupr.edu/
amridge-university,Amridge University,AL,100690,1,https://www.amridgeuniversity.edu/
ana-g-mendez-university,Ana G. Mendez University,FL,483595,1,www.agmu.edu/
anabaptist-mennonite-biblical-seminary,Anabaptist Mennonite Biblical Seminary,IN,151865,1,www.ambs.edu/
anderson-university,Anderson University,IN,150066,1,https://anderson.edu/
anderson-university,Anderson University,SC,217633,1,www.andersonuniversity.edu/
andrews-university,Andrews University,MI,168740,1,https://www.andrews.edu/
angeles-college,Angeles College,CA,457299,0,https://www.angelescollege.edu/
angelo-state-university,Angelo State University,TX,222831,1,www.angelo.edu/
anna-maria-college,Anna Maria College,MA,164492,0,www.annamaria.edu/
antioch-university,Antioch University,OH,245892,1,www.antioch.edu/
antioch-university-los-angeles,Antioch University-Los Angeles,CA,245838,0,www.antiochla.edu/
antioch-university-new-england,Antioch University-New England,NH,245865,1,www.antiochne.edu/
antioch-university-santa-barbara,Antioch University-Santa Barbara,CA,245847,1,www.antiochsb.edu/
antioch-university-seattle,Antioch University-Seattle,WA,245883,1,www.antiochseattle.edu/
antioch-university-system-administration,Antioch University-System Administration,OH,440138,1,www.antioch.edu/
aoma-graduate-school-of-integrative-medicine,AOMA Graduate School of Integrative Medicine,TX,429094,1,https://aoma.edu/
appalachian-bible-college,Appalachian Bible College,WV,237136,0,https://abc.edu/
appalachian-college-of-pharmacy,Appalachian College of Pharmacy,VA,449922,1,www.acp.edu/
appalachian-school-of-law,Appalachian School of Law,VA,432348,1,www.asl.edu/
appalachian-state-university,Appalachian State University,NC,197869,1,https://www.appstate.edu/
aquinas-college,Aquinas College,MI,168786,0,https://www.aquinas.edu/
aquinas-institute-of-theology,Aquinas Institute of Theology,MO,176600,1,https://www.ai.edu/
arcadia-university,Arcadia University,PA,211088,1,https://www.arcadia.edu/
arizona-board-of-regents,Arizona Board of Regents,AZ,420802,1,www.azregents.edu/
arizona-christian-university,Arizona Christian University,AZ,105899,0,arizonachristian.edu/
arizona-school-of-acupuncture-and-oriental-medicine,Arizona School of Acupuncture and Oriental Medicine,AZ,446039,0,www.asaom.edu/
arizona-state-university-campus-immersion,Arizona State University Campus Immersion,AZ,104151,1,www.asu.edu/
arizona-state-university-digital-immersion,Arizona State University Digital Immersion,AZ,483124,1,www.asu.edu/
arkansas-colleges-of-health-education,Arkansas Colleges of Health Education,AR,488527,1,achehealth.edu/
arkansas-state-university,Arkansas State University,AR,106458,1,www.astate.edu/
arkansas-state-university-system,Arkansas State University System,AR,448336,1,www.asusystem.edu/
arkansas-tech-university,Arkansas Tech University,AR,106467,1,https://www.atu.edu/
arlington-baptist-university,Arlington Baptist University,TX,222877,0,https://abu.edu/
art-academy-of-cincinnati,Art Academy of Cincinnati,OH,201061,0,https://www.artacademy.edu/
art-center-college-of-design,Art Center College of Design,CA,109651,0,www.artcenter.edu/
asbury-theological-seminary,Asbury Theological Seminary,KY,156222,1,www.asburyseminary.edu/
asbury-university,Asbury University,KY,156213,0,https://www.asbury.edu/
ashford-university,Ashford University,CA,154022,1,www.uagc.edu/
ashland-university,Ashland University,OH,201104,1,https://www.ashland.edu/
aspen-university,Aspen University,AZ,454829,1,https://www.aspen.edu/
assumption-university,Assumption University,MA,164562,0,https://www.assumption.edu/
atenas-college,Atenas College,PR,440651,0,www.atenascollege.edu/
athenaeum-of-ohio,Athenaeum of Ohio,OH,201140,0,https://www.athenaeum.edu/
athens-state-university,Athens State University,AL,100812,0,https://www.athens.edu/
atlanta-s-john-marshall-law-school,Atlanta's John Marshall Law School,GA,138929,1,www.johnmarshall.edu/
atlantic-institute-of-oriental-medicine,Atlantic Institute of Oriental Medicine,FL,439446,1,www.atom.edu/
atlantic-university,Atlantic University,PR,241216,0,www.atlanticu.edu/
atlantis-university,Atlantis University,FL,485768,0,https://atlantisuniversity.edu/
atlantis-university-florida-palms-university,Atlantis University-Florida Palms University,FL,497790,0,https://palms.edu/
auburn-university,Auburn University,AL,100858,1,www.auburn.edu/
auburn-university-at-montgomery,Auburn University at Montgomery,AL,100830,1,www.aum.edu/
augsburg-university,Augsburg University,MN,173045,1,www.augsburg.edu/
augusta-university,Augusta University,GA,482149,1,www.augusta.edu/
augustana-college,Augustana College,IL,143084,0,www.augustana.edu/
augustana-university,Augustana University,SD,219000,1,www.augie.edu/
aurora-university,Aurora University,IL,143118,1,https://aurora.edu/
austin-college,Austin College,TX,222983,0,www.austincollege.edu/
austin-peay-state-university,Austin Peay State University,TN,219602,1,www.apsu.edu/
austin-presbyterian-theological-seminary,Austin Presbyterian Theological Seminary,TX,223001,1,https://www.austinseminary.edu/
ave-maria-school-of-law,Ave Maria School of Law,FL,442295,1,https://www.avemarialaw.edu/
ave-maria-university,Ave Maria University,FL,446048,1,www.avemaria.edu/
averett-university,Averett University,VA,231420,0,https://www.averett.edu/
avila-university,Avila University,MO,176628,0,https://www.avila.edu/
azusa-pacific-university,Azusa Pacific University,CA,109785,1,www.apu.edu/
babson-college,Babson College,MA,164580,0,www.babson.edu/
baker-college,Baker College,MI,168847,1,www.baker.edu/
baker-university,Baker University,KS,154688,1,https://www.bakeru.edu/
bakke-graduate-university,Bakke Graduate University,TX,420705,1,https://www.bgu.edu/
baldwin-wallace-university,Baldwin Wallace University,OH,201195,0,https://www.bw.edu/
ball-state-university,Ball State University,IN,150136,1,https://www.bsu.edu/
bank-street-college-of-education,Bank Street College of Education,NY,189015,0,www.bankstreet.edu/
baptist-health-sciences-university,Baptist Health Sciences University,TN,219639,1,www.baptistu.edu/
baptist-missionary-association-theological-seminary,Baptist Missionary Association Theological Seminary,TX,223117,0,www.bmats.edu/
baptist-university-of-florida,Baptist University of Florida,FL,132408,0,www.buf.edu/
baptist-university-of-the-americas,Baptist University of the Americas,TX,444398,0,www.bua.edu/
barclay-college,Barclay College,KS,155070,0,www.barclaycollege.edu/
bard-college,Bard College,NY,189088,1,www.bard.edu/
barnes-jewish-college-goldfarb-school-of-nursing,Barnes-Jewish College Goldfarb School of Nursing,MO,177719,1,https://www.barnesjewishcollege.edu/
barry-university,Barry University,FL,132471,1,www.barry.edu/
barton-college,Barton College,NC,197911,0,https://www.barton.edu/
bastyr-university,Bastyr University,WA,235547,1,www.bastyr.edu/
bay-path-university,Bay Path University,MA,164632,1,www.baypath.edu/
baylor-college-of-medicine,Baylor College of Medicine,TX,223223,1,www.bcm.edu/
baylor-university,Baylor University,TX,223232,1,www.baylor.edu/
beal-university,Beal University,ME,160995,0,www.beal.edu/
belhaven-university,Belhaven University,MS,175421,1,https://www.belhaven.edu/
bellarmine-university,Bellarmine University,KY,156286,1,https://www.bellarmine.edu/
bellevue-university,Bellevue University,NE,180814,1,www.bellevue.edu/
bellin-college,Bellin College,WI,238324,1,https://www.bellincollege.edu/
belmont-abbey-college,Belmont Abbey College,NC,197984,0,www.belmontabbeycollege.edu/
belmont-university,Belmont University,TN,219709,1,https://www.belmont.edu/
bemidji-state-university,Bemidji State University,MN,173124,0,https://www.bemidjistate.edu/
benedict-college,Benedict College,SC,217721,0,www.benedict.edu/
benedictine-college,Benedictine College,KS,154712,0,www.benedictine.edu/
benedictine-university,Benedictine University,IL,145619,1,https://ben.edu/
bennington-college,Bennington College,VT,230816,0,https://www.bennington.edu/
bentley-university,Bentley University,MA,164739,1,www.bentley.edu/
bergin-university-of-canine-studies,Bergin University of Canine Studies,CA,461643,0,www.berginu.edu/
berkeley-college-new-york,Berkeley College-New York,NY,189228,0,https://berkeleycollege.edu/
berkeley-college-woodland-park,Berkeley College-Woodland Park,NJ,183789,0,https://berkeleycollege.edu/
berkeley-school-of-theology,Berkeley School of Theology,CA,108861,1,www.bst.edu/
berklee-college-of-music,Berklee College of Music,MA,164748,0,www.berklee.edu/
berry-college,Berry College,GA,139144,0,https://www.berry.edu/
beth-medrash-govoha,Beth Medrash Govoha,NJ,183804,0,yeshivanotices.org/
bethany-college,Bethany College,WV,237181,0,www.bethanywv.edu/
bethany-global-university,Bethany Global University,MN,486284,0,https://bethanygu.edu/
bethany-lutheran-college,Bethany Lutheran College,MN,173142,0,https://www.blc.edu/
bethany-theological-seminary,Bethany Theological Seminary,IN,143233,0,www.bethanyseminary.edu/
bethel-university,Bethel University,IN,150145,0,https://betheluniversity.edu/
bethel-university,Bethel University,MN,173160,1,https://www.bethel.edu/
bethel-university,Bethel University,TN,219718,0,www.bethelu.edu/
bethesda-university,Bethesda University,CA,110060,1,www.buc.edu/
bethlehem-college-and-seminary,Bethlehem College & Seminary,MN,486053,0,bcsmn.edu/
bethune-cookman-university,Bethune-Cookman University,FL,132602,0,https://www.cookman.edu/
beulah-heights-university,Beulah Heights University,GA,139153,1,www.beulah.edu/
bexley-hall-seabury-western-theological-seminary-federation-inc,"Bexley Hall Seabury Western Theological Seminary Federation, Inc.",IL,443702,1,www.bexleyseabury.edu/
binghamton-university,Binghamton University,NY,196079,1,www.binghamton.edu/
biola-university,Biola University,CA,110097,1,https://www.biola.edu/
birmingham-southern-college,Birmingham-Southern College,AL,100937,0,www.bsc.edu/
black-hills-state-university,Black Hills State University,SD,219046,0,www.bhsu.edu/
blessing-rieman-college-of-nursing-and-health-sciences,Blessing Rieman College of Nursing and Health Sciences,IL,143297,0,www.brcn.edu/
bloomfield-college,Bloomfield College,NJ,183822,0,www.bloomfield.edu/
blue-mountain-christian-university,Blue Mountain Christian University,MS,175430,0,www.bmc.edu/
bluefield-state-university,Bluefield State University,WV,237215,0,https://bluefieldstate.edu/
bluefield-university,Bluefield University,VA,231554,0,www.bluefield.edu/
bluffton-university,Bluffton University,OH,201371,0,www.bluffton.edu/
board-of-trustees-mississippi-state-institutions-of-higher-learning,Board of Trustees-Mississippi State Institutions of Higher Learning,MS,175999,1,www.mississippi.edu/
bob-jones-university,Bob Jones University,SC,217749,1,www.bju.edu/
boise-state-university,Boise State University,ID,142115,1,https://www.boisestate.edu/
boricua-college,Boricua College,NY,189413,0,https://www.boricuacollege.edu/
boston-architectural-college,Boston Architectural College,MA,164872,0,www.the-bac.edu/
boston-college,Boston College,MA,164924,1,www.bc.edu/
boston-graduate-school-of-psychoanalysis-inc,Boston Graduate School of Psychoanalysis Inc,MA,164915,1,https://www.bgsp.edu/
boston-university,Boston University,MA,164988,1,www.bu.edu/
bowie-state-university,Bowie State University,MD,162007,1,www.bowiestate.edu/
bowling-green-state-university-main-campus,Bowling Green State University-Main Campus,OH,201441,1,www.bgsu.edu/
bradley-university,Bradley University,IL,143358,1,www.bradley.edu/
brandeis-university,Brandeis University,MA,165015,1,https://www.brandeis.edu/
brenau-university,Brenau University,GA,139199,1,www.brenau.edu/
brescia-university,Brescia University,KY,156356,0,www.brescia.edu/
brevard-college,Brevard College,NC,198066,0,https://www.brevard.edu/
brewton-parker-college,Brewton-Parker College,GA,139205,0,https://www.bpc.edu/
briar-cliff-university,Briar Cliff University,IA,152992,1,www.briarcliff.edu/
bridges-christian-college,Bridges Christian College,LA,497408,0,https://www.bcc.edu/
bridgewater-college,Bridgewater College,VA,231581,0,https://www.bridgewater.edu/
bridgewater-state-university,Bridgewater State University,MA,165024,0,www.bridgew.edu/
brigham-young-university,Brigham Young University,UT,230038,1,https://byu.edu/
brite-divinity-school,Brite Divinity School,TX,450304,1,www.brite.edu/
brookline-college-phoenix,Brookline College-Phoenix,AZ,104090,0,www.brooklinecollege.edu/
brooklyn-law-school,Brooklyn Law School,NY,189501,1,www.brooklaw.edu/
brown-university,Brown University,RI,217156,1,www.brown.edu/
bryan-college-of-health-sciences,Bryan College of Health Sciences,NE,180878,1,https://www.bryanhealthcollege.edu/bcohs/
bryan-college-dayton,Bryan College-Dayton,TN,219790,1,www.bryan.edu/
bryan-university,Bryan University,AZ,110219,0,bryanuniversity.edu/
bryan-university,Bryan University,MO,369516,0,www.bryanu.edu/
bryant-university,Bryant University,RI,217165,0,https://www.bryant.edu/
bryn-athyn-college-of-the-new-church,Bryn Athyn College of the New Church,PA,210492,0,www.brynathyn.edu/
bryn-mawr-college,Bryn Mawr College,PA,211273,1,www.brynmawr.edu/
bucknell-university,Bucknell University,PA,211291,0,www.bucknell.edu/
buena-vista-university,Buena Vista University,IA,153001,0,https://www.bvu.edu/
burrell-college-of-osteopathic-medicine,Burrell College of Osteopathic Medicine,NM,488554,1,https://burrell.edu/
bushnell-university,Bushnell University,OR,209409,0,www.bushnell.edu/
butler-university,Butler University,IN,150163,1,www.butler.edu/
byzantine-catholic-seminary-of-saints-cyril-and-methodius,Byzantine Catholic Seminary of Saints Cyril and Methodius,PA,444103,0,www.bcs.edu/
cabarrus-college-of-health-sciences,Cabarrus College of Health Sciences,NC,198109,0,https://cabarruscollege.edu/
cabrini-university,Cabrini University,PA,211352,1,www.cabrini.edu/
cairn-university-langhorne,Cairn University-Langhorne,PA,215114,0,www.cairn.edu/
cal-northern-school-of-law,Cal Northern School of Law,CA,493956,1,https://www.calnorthern.edu/
caldwell-university,Caldwell University,NJ,183910,1,www.caldwell.edu/
california-aeronautical-university,California Aeronautical University,CA,433420,0,www.calaero.edu/
california-baptist-university,California Baptist University,CA,110361,1,www.calbaptist.edu/
california-college-of-the-arts,California College of the Arts,CA,110370,0,www.cca.edu/
california-health-sciences-university,California Health Sciences University,CA,488572,1,https://chsu.edu/
california-institute-of-advanced-management,California Institute of Advanced Management,CA,487649,0,www.ciam.edu/
california-institute-of-integral-studies,California Institute of Integral Studies,CA,110316,1,https://www.ciis.edu/
california-institute-of-technology,California Institute of Technology,CA,110404,1,www.caltech.edu/
california-institute-of-the-arts,California Institute of the Arts,CA,111081,1,https://www.calarts.edu/
california-intercontinental-university,California Intercontinental University,SD,485546,1,https://www.caluniversity.edu/
california-lutheran-university,California Lutheran University,CA,110413,1,www.callutheran.edu/
california-miramar-university,California Miramar University,CA,480781,1,www.calmu.edu/
california-northstate-university,California Northstate University,CA,496627,1,www.cnsu.edu/
california-polytechnic-state-university-san-luis-obispo,California Polytechnic State University-San Luis Obispo,CA,110422,0,calpoly.edu/
california-state-polytechnic-university-humboldt,California State Polytechnic University-Humboldt,CA,115755,0,www.humboldt.edu/
california-state-polytechnic-university-pomona,California State Polytechnic University-Pomona,CA,110529,1,www.cpp.edu/
california-state-university-maritime-academy,California State University Maritime Academy,CA,111188,0,https://www.csum.edu/
california-state-university-bakersfield,California State University-Bakersfield,CA,110486,1,www.csub.edu/
california-state-university-chancellors-office,California State University-Chancellors Office,CA,110501,1,www.calstate.edu/
california-state-university-channel-islands,California State University-Channel Islands,CA,441937,0,www.csuci.edu/
california-state-university-chico,California State University-Chico,CA,110538,0,www.csuchico.edu/
california-state-university-dominguez-hills,California State University-Dominguez Hills,CA,110547,0,https://www.csudh.edu/
california-state-university-east-bay,California State University-East Bay,CA,110574,1,https://www.csueastbay.edu/
california-state-university-fresno,California State University-Fresno,CA,110556,1,www.fresnostate.edu/
california-state-university-fullerton,California State University-Fullerton,CA,110565,1,www.fullerton.edu/
california-state-university-long-beach,California State University-Long Beach,CA,110583,1,www.csulb.edu/
california-state-university-los-angeles,California State University-Los Angeles,CA,110592,1,https://www.calstatela.edu/
california-state-university-monterey-bay,California State University-Monterey Bay,CA,409698,0,https://csumb.edu/
california-state-university-northridge,California State University-Northridge,CA,110608,1,https://www.csun.edu/
california-state-university-sacramento,California State University-Sacramento,CA,110617,1,https://www.csus.edu/
california-state-university-san-bernardino,California State University-San Bernardino,CA,110510,1,www.csusb.edu/
california-state-university-san-marcos,California State University-San Marcos,CA,366711,1,www.csusm.edu/
california-state-university-stanislaus,California State University-Stanislaus,CA,110495,1,https://www.csustan.edu/
california-university-of-science-and-medicine,California University of Science and Medicine,CA,496043,1,https://www.cusm.org/
california-university-silicon-valley,California University-Silicon Valley,CA,497666,0,https://cusv.edu/
california-western-school-of-law,California Western School of Law,CA,111391,1,https://www.cwsl.edu/
calumet-college-of-saint-joseph,Calumet College of Saint Joseph,IN,150172,0,www.ccsj.edu/
calvary-university,Calvary University,MO,176789,1,www.calvary.edu/
calvin-theological-seminary,Calvin Theological Seminary,MI,169099,1,www.calvinseminary.edu/
calvin-university,Calvin University,MI,169080,0,www.calvin.edu/
cambridge-college,Cambridge College,MA,165167,1,www.cambridgecollege.edu/
cameron-university,Cameron University,OK,206914,0,https://www.cameron.edu/
campbell-university,Campbell University,NC,198136,1,https://www.campbell.edu/
campbellsville-university,Campbellsville University,KY,156365,1,https://www.campbellsville.edu/
canisius-university,Canisius University,NY,189705,0,https://www.canisius.edu/
capella-university,Capella University,MN,413413,1,www.capella.edu/
capital-university,Capital University,OH,201548,1,https://www.capital.edu/
capitol-technology-university,Capitol Technology University,MD,162061,1,www.captechu.edu/
cardinal-stritch-university,Cardinal Stritch University,WI,238430,1,
caribbean-university-bayamon,Caribbean University-Bayamon,PR,241377,1,www.caribbean.edu/
caribbean-university-carolina,Caribbean University-Carolina,PR,241386,0,www.caribbean.edu/
caribbean-university-ponce,Caribbean University-Ponce,PR,363907,1,www.caribbean.edu/
caribbean-university-vega-baja,Caribbean University-Vega Baja,PR,363916,0,www.caribbean.edu/
carlow-university,Carlow University,PA,211431,1,www.carlow.edu/
carnegie-mellon-university,Carnegie Mellon University,PA,211440,1,www.cmu.edu/
carolina-christian-college,Carolina Christian College,NC,199971,1,www.carolina.edu/
carolina-college-of-biblical-studies,Carolina College of Biblical Studies,NC,461032,0,ccbs.edu/
carolina-university,Carolina University,NC,489937,1,https://www.carolinau.edu/
carroll-college,Carroll College,MT,180106,0,www.carroll.edu/
carroll-university,Carroll University,WI,238458,1,www.carrollu.edu/
carson-newman-university,Carson-Newman University,TN,219806,1,www.cn.edu/
carthage-college,Carthage College,WI,238476,0,www.carthage.edu/
case-western-reserve-university,Case Western Reserve University,OH,201645,1,www.case.edu/
castleton-university,Castleton University,VT,230834,0,
catawba-college,Catawba College,NC,198215,0,www.catawba.edu/
catholic-distance-university,Catholic Distance University,WV,475398,0,https://cdu.edu/
catholic-theological-union-at-chicago,Catholic Theological Union at Chicago,IL,143659,1,www.ctu.edu/
cazenovia-college,Cazenovia College,NY,189848,0,
cedar-crest-college,Cedar Crest College,PA,211468,1,www.cedarcrest.edu/
cedarville-university,Cedarville University,OH,201654,1,https://www.cedarville.edu/
centenary-college-of-louisiana,Centenary College of Louisiana,LA,158477,0,www.centenary.edu/
centenary-university,Centenary University,NJ,183974,1,www.centenaryuniversity.edu/
center-for-advanced-studies-on-puerto-rico-and-the-caribbean,Center for Advanced Studies On Puerto Rico and the Caribbean,PR,241793,1,ceaprc.edu/
central-christian-college-of-kansas,Central Christian College of Kansas,KS,154855,0,https://www.centralchristian.edu/
central-christian-college-of-the-bible,Central Christian College of the Bible,MO,176910,0,https://www.cccb.edu/
central-connecticut-state-university,Central Connecticut State University,CT,128771,1,www.ccsu.edu/
central-methodist-university-college-of-graduate-and-extended-studies,Central Methodist University-College of Graduate and Extended Studies,MO,445267,0,www.centralmethodist.edu/
central-michigan-university,Central Michigan University,MI,169248,1,https://www.cmich.edu/
central-penn-college,Central Penn College,PA,211477,0,https://www.centralpenn.edu/
central-state-university,Central State University,OH,201690,0,https://www.centralstate.edu/
central-washington-university,Central Washington University,WA,234827,0,www.cwu.edu/
central-yeshiva-tomchei-tmimim-lubavitz,Central Yeshiva Tomchei Tmimim Lubavitz,NY,189857,0,https://cyttl.edu/
chadron-state-college,Chadron State College,NE,180948,0,www.csc.edu/
chamberlain-university-administrative-office,Chamberlain University-Administrative Office,IL,454218,1,https://www.chamberlain.edu/
chamberlain-university-illinois,Chamberlain University-Illinois,IL,454227,1,https://www.chamberlain.edu/
chaminade-university-of-honolulu,Chaminade University of Honolulu,HI,141486,1,https://www.chaminade.edu/
champlain-college,Champlain College,VT,230852,0,www.champlain.edu/
chapman-university,Chapman University,CA,111948,1,https://www.chapman.edu/
charles-r-drew-university-of-medicine-and-science,Charles R Drew University of Medicine and Science,CA,111966,1,www.cdrewu.edu/
charleston-school-of-law,Charleston School of Law,SC,451510,1,www.charlestonlaw.edu/
charleston-southern-university,Charleston Southern University,SC,217688,1,https://www.charlestonsouthern.edu/
charlotte-christian-college-and-theological-seminary,Charlotte Christian College and Theological Seminary,NC,444778,1,www.charlottechristian.edu/
charter-oak-state-college,Charter Oak State College,CT,128780,0,https://www.charteroak.edu/
chatham-university,Chatham University,PA,211556,1,www.chatham.edu/
chestnut-hill-college,Chestnut Hill College,PA,211583,1,www.chc.edu/
chicago-state-university,Chicago State University,IL,144005,1,www.csu.edu/
chicago-theological-seminary,Chicago Theological Seminary,IL,144014,1,https://www.ctschicago.edu/
chowan-university,Chowan University,NC,198303,0,https://www.chowan.edu/
christian-brothers-university,Christian Brothers University,TN,219833,0,https://www.cbu.edu/
christian-theological-seminary,Christian Theological Seminary,IN,150215,1,www.cts.edu/
christopher-newport-university,Christopher Newport University,VA,231712,0,https://cnu.edu/
church-divinity-school-of-the-pacific,Church Divinity School of the Pacific,CA,112127,0,www.cdsp.edu/
citadel-military-college-of-south-carolina,Citadel Military College of South Carolina,SC,217864,0,https://citadel.edu/
city-university-of-seattle,City University of Seattle,WA,234915,1,www.cityu.edu/
city-vision-university,City Vision University,MO,457697,0,https://www.cityvision.edu/
claflin-university,Claflin University,SC,217873,0,www.claflin.edu/
claremont-graduate-university,Claremont Graduate University,CA,112251,1,www.cgu.edu/
claremont-lincoln-university,Claremont Lincoln University,CA,488387,0,https://claremontlincoln.edu/
claremont-mckenna-college,Claremont McKenna College,CA,112260,0,www.cmc.edu/
claremont-school-of-theology,Claremont School of Theology,CA,124283,1,www.cst.edu/
clark-atlanta-university,Clark Atlanta University,GA,138947,1,www.cau.edu/
clark-university,Clark University,MA,165334,1,www.clarku.edu/
clarke-university,Clarke University,IA,153126,1,www.clarke.edu/
clarks-summit-university,Clarks Summit University,PA,211024,1,https://www.clarkssummitu.edu/
clarkson-college,Clarkson College,NE,180832,1,www.clarksoncollege.edu/
clarkson-university,Clarkson University,NY,190044,1,https://www.clarkson.edu/
clayton-state-university,Clayton  State University,GA,139311,0,www.clayton.edu/
clear-creek-baptist-bible-college,Clear Creek Baptist Bible College,KY,156417,0,https://ccbbc.edu/
cleary-university,Cleary University,MI,169327,0,www.cleary.edu/
clemson-university,Clemson University,SC,217882,1,www.clemson.edu/
cleveland-institute-of-music,Cleveland Institute of Music,OH,202073,1,www.cim.edu/
cleveland-state-university,Cleveland State University,OH,202134,1,www.csuohio.edu/
cleveland-university-kansas-city,Cleveland University-Kansas City,KS,177038,1,www.cleveland.edu/
coastal-carolina-university,Coastal Carolina University,SC,218724,1,https://www.coastal.edu/
coker-university,Coker University,SC,217907,1,https://coker.edu/
colby-sawyer-college,Colby-Sawyer College,NH,182634,1,www.colby-sawyer.edu/
colgate-rochester-crozer-divinity-school,Colgate Rochester Crozer Divinity School,NY,190080,1,https://www.crcds.edu/
colgate-university,Colgate University,NY,190099,0,https://www.colgate.edu/
college-for-creative-studies,College for Creative Studies,MI,169442,0,https://www.collegeforcreativestudies.edu/
college-of-athens,College of Athens,GA,493974,0,https://collegeofathens.edu/
college-of-charleston,College of Charleston,SC,217819,1,https://www.cofc.edu/
college-of-our-lady-of-the-elms,College of Our Lady of the Elms,MA,167394,1,https://www.elms.edu/
college-of-saint-benedict,College of Saint Benedict,MN,174747,1,https://csbsju.edu/
college-of-saint-mary,College of Saint Mary,NE,181604,1,https://www.csm.edu/
college-of-staten-island-cuny,College of Staten Island CUNY,NY,190558,1,www.csi.cuny.edu/
college-of-the-atlantic,College of the Atlantic,ME,160959,0,https://www.coa.edu/
colorado-chinese-medicine-university,Colorado Chinese Medicine University,CO,381352,1,www.ccmu.edu/
colorado-christian-university,Colorado Christian University,CO,126669,1,https://www.ccu.edu/
colorado-college,Colorado College,CO,126678,0,www.coloradocollege.edu/
colorado-mesa-university,Colorado Mesa University,CO,127556,1,www.coloradomesa.edu/
colorado-school-of-mines,Colorado School of Mines,CO,126775,1,www.mines.edu/
colorado-state-university-global,Colorado State University Global,CO,476975,0,https://csuglobal.edu/
colorado-state-university-pueblo,Colorado State University Pueblo,CO,128106,1,https://www.csupueblo.edu/
colorado-state-university-fort-collins,Colorado State University-Fort Collins,CO,126818,1,colostate.edu/
colorado-state-university-system-office,Colorado State University-System Office,CO,446978,1,www.csusystem.edu/
colorado-technical-university-colorado-springs,Colorado Technical University-Colorado Springs,CO,126827,1,www.coloradotech.edu/Colorado-Springs
columbia-central-university-caguas,Columbia Central University-Caguas,PR,241304,0,columbiacentral.edu/
columbia-college,Columbia College,MO,177065,0,https://www.ccis.edu/
columbia-college,Columbia College,SC,217934,0,www.columbiasc.edu/
columbia-college-chicago,Columbia College Chicago,IL,144281,0,www.colum.edu/
columbia-international-university,Columbia International University,SC,217925,1,www.ciu.edu/
columbia-southern-university,Columbia Southern University,AL,450933,1,www.columbiasouthern.edu/
columbia-theological-seminary,Columbia Theological Seminary,GA,139348,1,www.ctsnet.edu/
columbia-university-in-the-city-of-new-york,Columbia University in the City of New York,NY,190150,1,www.columbia.edu/
columbus-college-of-art-and-design,Columbus College of Art & Design,OH,202170,0,www.ccad.edu/
columbus-state-university,Columbus State University,GA,139366,1,www.columbusstate.edu/
commonwealth-university-of-pennsylvania,Commonwealth University of Pennsylvania,PA,498562,1,https://www.commonwealthu.edu/
concord-university,Concord University,WV,237330,0,https://www.concord.edu/
concordia-college-at-moorhead,Concordia College at Moorhead,MN,173300,0,https://www.concordiacollege.edu/
concordia-seminary,Concordia Seminary,MO,177092,1,https://www.csl.edu/
concordia-theological-seminary,Concordia Theological Seminary,IN,150288,1,https://ctsfw.edu/
concordia-university-ann-arbor,Concordia University Ann Arbor,MI,169363,0,https://www.cuaa.edu/
concordia-university-texas,Concordia University Texas,TX,224004,1,https://www.concordia.edu/
concordia-university-chicago,Concordia University-Chicago,IL,144351,1,www.cuchicago.edu/
concordia-university-irvine,Concordia University-Irvine,CA,112075,1,www.cui.edu/
concordia-university-nebraska,Concordia University-Nebraska,NE,180984,0,www.cune.edu/
concordia-university-saint-paul,Concordia University-Saint Paul,MN,173328,1,https://www.csp.edu/
concordia-university-wisconsin,Concordia University-Wisconsin,WI,238616,1,https://www.cuw.edu/
converse-university,Converse University,SC,217961,1,https://www.converse.edu/
conway-school-of-landscape-design,Conway School of Landscape Design,MA,165495,0,www.csld.edu/
coppin-state-university,Coppin State University,MD,162283,1,www.coppin.edu/
corban-university,Corban University,OR,210331,1,https://www.corban.edu/
cornell-college,Cornell College,IA,153162,0,www.cornellcollege.edu/
cornell-university,Cornell University,NY,190415,1,www.cornell.edu/
cornerstone-university,Cornerstone University,MI,170037,1,www.cornerstone.edu/
covenant-college,Covenant College,GA,139393,0,www.covenant.edu/
covenant-theological-seminary,Covenant Theological Seminary,MO,177126,1,https://www.covenantseminary.edu/
cox-college,Cox College,MO,176770,1,https://coxcollege.edu/
cranbrook-academy-of-art,Cranbrook Academy of Art,MI,169424,0,https://cranbrookart.edu/
creighton-university,Creighton University,NE,181002,1,https://www.creighton.edu/
criswell-college,Criswell College,TX,475608,0,www.criswell.edu/
crown-college,Crown College,MN,174862,0,www.crown.edu/
culinary-institute-of-america,Culinary Institute of America,NY,190503,0,www.ciachef.edu/
culver-stockton-college,Culver-Stockton College,MO,177144,0,https://www.culver.edu/
cumberland-university,Cumberland University,TN,219949,0,www.cumberland.edu/
cuny-bernard-m-baruch-college,CUNY Bernard M Baruch College,NY,190512,1,www.baruch.cuny.edu/
cuny-brooklyn-college,CUNY Brooklyn College,NY,190549,0,www.brooklyn.cuny.edu/
cuny-city-college,CUNY City College,NY,190567,1,www.ccny.cuny.edu/
cuny-graduate-school-and-university-center,CUNY Graduate School and University Center,NY,190576,1,www.gc.cuny.edu/
cuny-hunter-college,CUNY Hunter College,NY,190594,1,www.hunter.cuny.edu/
cuny-john-jay-college-of-criminal-justice,CUNY John Jay College of Criminal Justice,NY,190600,0,www.jjay.cuny.edu/
cuny-lehman-college,CUNY Lehman College,NY,190637,1,www.lehman.edu/
cuny-queens-college,CUNY Queens College,NY,190664,0,https://www.qc.cuny.edu/
cuny-school-of-law,CUNY School of Law,NY,190682,1,https://www.law.cuny.edu/
cuny-system-office,CUNY System Office,NY,190035,0,www2.cuny.edu/
cuny-york-college,CUNY York College,NY,190691,0,www.york.cuny.edu/
curry-college,Curry College,MA,165529,0,https://www.curry.edu/
curtis-institute-of-music,Curtis Institute of Music,PA,211893,0,www.curtis.edu/
d-youville-university,D'Youville  University,NY,190716,1,www.dyu.edu/
daemen-university,Daemen University,NY,190725,1,www.daemen.edu/
dakota-state-university,Dakota State University,SD,219082,1,https://dsu.edu/
dakota-wesleyan-university,Dakota Wesleyan University,SD,219091,0,www.dwu.edu/
dallas-baptist-university,Dallas Baptist University,TX,224226,1,https://www.dbu.edu/
dallas-christian-college,Dallas Christian College,TX,224244,0,www.dallas.edu/
dallas-theological-seminary,Dallas Theological Seminary,TX,224305,1,www.dts.edu/
daoist-traditions-college-of-chinese-medical-arts,Daoist Traditions College of Chinese Medical Arts,NC,455178,1,daoisttraditions.edu/
dartmouth-college,Dartmouth College,NH,182670,1,www.dartmouth.edu/
davenport-university,Davenport University,MI,169479,0,www.davenport.edu/
daybreak-university,Daybreak University,CA,496469,1,daybreak.edu/
defiance-college,Defiance College,OH,202514,0,www.defiance.edu/
delaware-state-university,Delaware State University,DE,130934,1,www.desu.edu/
delaware-valley-university,Delaware Valley University,PA,211981,1,www.delval.edu/
delta-state-university,Delta State University,MS,175616,1,https://www.deltastate.edu/
denver-college-of-nursing,Denver College of Nursing,CO,454856,0,www.denvercollegeofnursing.edu/
denver-seminary,Denver Seminary,CO,126979,1,www.denverseminary.edu/
depaul-university,DePaul University,IL,144740,1,https://www.depaul.edu/
des-moines-university-osteopathic-medical-center,Des Moines University-Osteopathic Medical Center,IA,154156,1,www.dmu.edu/
desales-university,DeSales University,PA,210739,1,www.desales.edu/
design-institute-of-san-diego,Design Institute of San Diego,CA,113582,0,www.disd.edu/
devry-college-of-new-york,DeVry College of New York,NY,482413,0,https://www.devry.edu/
devry-university-administrative-office,DeVry University-Administrative Office,IL,144777,0,https://www.devry.edu/
devry-university-arizona,DeVry University-Arizona,AZ,482422,0,https://www.devry.edu/
devry-university-california,DeVry University-California,CA,482431,0,https://www.devry.edu/
devry-university-colorado,DeVry University-Colorado,CO,482440,0,
devry-university-florida,DeVry University-Florida,FL,482459,0,https://www.devry.edu/
devry-university-georgia,DeVry University-Georgia,GA,482468,0,https://www.devry.edu/
devry-university-illinois,DeVry University-Illinois,IL,482477,0,https://www.devry.edu/
devry-university-missouri,DeVry University-Missouri,MO,482538,0,
devry-university-nevada,DeVry University-Nevada,NV,482547,0,https://www.devry.edu/
devry-university-new-jersey,DeVry University-New Jersey,NJ,482556,0,https://www.devry.edu/
devry-university-north-carolina,DeVry University-North Carolina,NC,482565,0,https://www.devry.edu/
devry-university-ohio,DeVry University-Ohio,OH,482574,0,https://www.devry.edu/
devry-university-tennessee,DeVry University-Tennessee,TN,482617,0,
devry-university-texas,DeVry University-Texas,TX,482635,0,https://www.devry.edu/
devry-university-virginia,DeVry University-Virginia,VA,482653,0,https://www.devry.edu/
dewey-university-hato-rey,Dewey University-Hato Rey,PR,443562,0,dewey.edu/
dewey-university-juana-d-az,Dewey University-Juana DÃ­az,PR,449135,0,dewey.edu/
dharma-realm-buddhist-university,Dharma Realm Buddhist University,CA,113616,0,https://drbu.edu/
dickinson-college,Dickinson College,PA,212009,0,https://www.dickinson.edu/
dickinson-state-university,Dickinson State University,ND,200059,0,www.dickinsonstate.edu/
digipen-institute-of-technology,DigiPen Institute of Technology,WA,443410,0,https://www.digipen.edu/
dillard-university,Dillard University,LA,158802,0,www.dillard.edu/
dine-college,Dine College,AZ,105297,0,https://www.dinecollege.edu/
divine-mercy-university,Divine Mercy University,VA,445869,1,www.divinemercy.edu/
doane-university,Doane University,NE,181020,1,www.doane.edu/
dominican-school-of-philosophy-and-theology,Dominican School of Philosophy & Theology,CA,113704,0,https://www.dspt.edu/
dominican-university,Dominican University,IL,148496,1,https://www.dom.edu/
dominican-university-new-york,Dominican University New York,NY,190761,1,www.duny.edu/
dominican-university-of-california,Dominican University of California,CA,113698,1,https://www.dominican.edu/
dongguk-university-los-angeles,Dongguk University Los Angeles,CA,122117,1,www.dula.edu/
dordt-university,Dordt University,IA,153250,0,https://www.dordt.edu/
dragon-rises-college-of-oriental-medicine,Dragon Rises College of Oriental Medicine,FL,449481,0,www.dragonrises.edu/
drake-university,Drake University,IA,153269,1,www.drake.edu/
drew-university,Drew University,NJ,184348,1,www.drew.edu/
drexel-university,Drexel University,PA,212054,1,https://drexel.edu/
drury-university,Drury University,MO,177214,0,www.drury.edu/
duke-university,Duke University,NC,198419,1,www.duke.edu/
duquesne-university,Duquesne University,PA,212106,1,www.duq.edu/
eagle-gate-college-boise-campus,Eagle Gate College-Boise Campus,ID,496326,0,https://www.eaglegatecollege.edu/
eagle-gate-college-murray,Eagle Gate College-Murray,UT,230366,0,eaglegatecollege.edu/
earlham-college,Earlham College,IN,150455,0,https://earlham.edu/
east-carolina-university,East Carolina University,NC,198464,1,https://www.ecu.edu/
east-central-university,East Central University,OK,207041,0,https://www.ecok.edu/
east-stroudsburg-university-of-pennsylvania,East Stroudsburg University of Pennsylvania,PA,212115,1,https://www.esu.edu/
east-tennessee-state-university,East Tennessee State University,TN,220075,1,https://www.etsu.edu/
east-texas-baptist-university,East Texas Baptist University,TX,224527,0,https://www.etbu.edu/
east-west-college-of-natural-medicine,East West College of Natural Medicine,FL,439394,0,www.ewcollege.edu/
eastern-connecticut-state-university,Eastern Connecticut State University,CT,129215,0,https://www.easternct.edu/
eastern-illinois-university,Eastern Illinois University,IL,144892,0,https://www.eiu.edu/
eastern-kentucky-university,Eastern Kentucky University,KY,156620,1,www.eku.edu/
eastern-mennonite-university,Eastern Mennonite University,VA,232043,1,https://emu.edu/
eastern-michigan-university,Eastern Michigan University,MI,169798,1,www.emich.edu/
eastern-nazarene-college,Eastern Nazarene College,MA,165644,0,https://www.enc.edu/
eastern-new-mexico-university-main-campus,Eastern New Mexico University-Main Campus,NM,187648,0,www.enmu.edu/
eastern-oregon-university,Eastern Oregon University,OR,208646,0,www.eou.edu/
eastern-school-of-acupuncture-and-traditional-medicine,Eastern School of Acupuncture and Traditional Medicine,NJ,446224,0,www.esatm.edu/
eastern-university,Eastern University,PA,212133,1,https://www.eastern.edu/about/student-consumer-information
eastern-virginia-medical-school,Eastern Virginia Medical School,VA,231970,1,www.evms.edu/
eastern-washington-university,Eastern Washington University,WA,235097,1,www.ewu.edu/
ecclesia-college,Ecclesia College,AR,446233,0,ecollege.edu/
ecpi-university,ECPI University,VA,248934,0,www.ecpi.edu/
ecumenical-theological-seminary,Ecumenical Theological Seminary,MI,247162,1,www.etseminary.edu/
eden-theological-seminary,Eden Theological Seminary,MO,177278,1,www.eden.edu/
edgewood-college,Edgewood College,WI,238661,1,www.edgewood.edu/
edp-university-of-puerto-rico-inc-san-juan,EDP University of Puerto Rico Inc-San Juan,PR,243832,0,www.edpuniversity.edu/
edp-university-of-puerto-rico-inc-san-sebastian,EDP University of Puerto Rico Inc-San Sebastian,PR,241836,0,www.edpuniversity.edu/
edward-via-college-of-osteopathic-medicine,Edward Via College of Osteopathic Medicine,VA,442806,1,www.vcom.edu/
edward-waters-university,Edward Waters University,FL,133526,0,www.ew.edu/
elizabeth-city-state-university,Elizabeth City State University,NC,198507,0,https://www.ecsu.edu/
elizabethtown-college,Elizabethtown College,PA,212197,1,www.etown.edu/
elmezzi-graduate-school-of-molecular-medicine,Elmezzi Graduate School of Molecular Medicine,NY,486080,1,www.northwell.edu/education-and-resources/elmezzi-graduate-school-of-molecular-medicine
elmhurst-university,Elmhurst University,IL,144962,1,www.elmhurst.edu/
elmira-college,Elmira College,NY,190983,0,https://www.elmira.edu/
elon-university,Elon University,NC,198516,1,www.elon.edu/
embry-riddle-aeronautical-university-daytona-beach,Embry-Riddle Aeronautical University-Daytona Beach,FL,133553,1,daytonabeach.erau.edu/
embry-riddle-aeronautical-university-prescott,Embry-Riddle Aeronautical University-Prescott,AZ,104586,0,prescott.erau.edu/
embry-riddle-aeronautical-university-worldwide,Embry-Riddle Aeronautical University-Worldwide,FL,426314,0,worldwide.erau.edu/
emerson-college,Emerson College,MA,165662,0,www.emerson.edu/
emmanuel-college,Emmanuel College,MA,165671,0,www.emmanuel.edu/
emmanuel-university,Emmanuel University,GA,139630,0,www.ec.edu/
emory-and-henry-university,Emory & Henry University,VA,232025,1,www.ehc.edu/
emory-university,Emory University,GA,139658,1,www.emory.edu/
emperor-s-college-of-traditional-oriental-medicine,Emperor's College of Traditional Oriental Medicine,CA,114114,1,www.emperors.edu/
empire-college,Empire College,CA,114123,1,https://empcol.edu/
empire-state-university,Empire State University,NY,196264,1,www.sunyempire.edu/
emporia-state-university,Emporia State University,KS,155025,1,www.emporia.edu/
endicott-college,Endicott College,MA,165699,1,www.endicott.edu/
epic-bible-college-and-graduate-school,Epic Bible College & Graduate School,CA,124487,1,epic.edu/
episcopal-theological-seminary-of-the-southwest,Episcopal Theological Seminary of the Southwest,TX,224712,0,ssw.edu/
erikson-institute,Erikson Institute,IL,409254,0,https://www.erikson.edu/
erskine-college,Erskine College,SC,217998,1,www.erskine.edu/
evangel-university,Evangel University,MO,177339,1,www.evangel.edu/
everglades-university,Everglades University,FL,385619,0,https://www.evergladesuniversity.edu/
excelsior-university,Excelsior University,NY,196680,0,www.excelsior.edu/
fairfax-university-of-america,Fairfax University of America,VA,460376,0,https://www.fxua.edu/
fairfield-university,Fairfield University,CT,129242,1,fairfield.edu/
fairleigh-dickinson-university-florham-campus,Fairleigh Dickinson University-Florham Campus,NJ,184694,1,https://www.fdu.edu/
fairleigh-dickinson-university-metropolitan-campus,Fairleigh Dickinson University-Metropolitan Campus,NJ,184603,1,https://www.fdu.edu/
fairmont-state-university,Fairmont State University,WV,237367,0,https://www.fairmontstate.edu/
faith-baptist-bible-college-and-theological-seminary,Faith Baptist Bible College and Theological Seminary,IA,153320,1,https://faith.edu/
faith-international-university,Faith International University,WA,443049,1,https://www.faithiu.edu/
faith-theological-seminary-and-christian-college,Faith Theological Seminary and Christian College,FL,494597,1,www.ftscc.org/
family-of-faith-christian-university,Family of Faith Christian University,OK,443058,1,www.familyoffaith.edu/
farmingdale-state-college,Farmingdale State College,NY,196042,0,www.farmingdale.edu/
fashion-institute-of-technology,Fashion Institute of Technology,NY,191126,0,www.fitnyc.edu/
faulkner-university,Faulkner University,AL,101189,1,www.faulkner.edu/
fayetteville-state-university,Fayetteville State University,NC,198543,1,https://www.uncfsu.edu/
felician-university,Felician University,NJ,184612,1,https://www.felician.edu/
ferris-state-university,Ferris State University,MI,169910,1,www.ferris.edu/
ferrum-college,Ferrum College,VA,232089,0,www.ferrum.edu/
fidm-fashion-institute-of-design-and-merchandising,FIDM-Fashion Institute of Design & Merchandising,CA,114354,0,www.fidm.edu/
fielding-graduate-university,Fielding Graduate University,CA,114549,1,www.fielding.edu/
fisher-college,Fisher College,MA,165802,0,www.fisher.edu/
fisk-university,Fisk University,TN,220181,0,www.fisk.edu/
fitchburg-state-university,Fitchburg State University,MA,165820,0,www.fitchburgstate.edu/
five-branches-university,Five Branches University,CA,114585,1,www.fivebranches.edu/
five-towns-college,Five Towns College,NY,191205,1,www.ftc.edu/
flagler-college,Flagler College,FL,133711,0,https://www.flagler.edu/
florida-agricultural-and-mechanical-university,Florida Agricultural and Mechanical University,FL,133650,1,www.famu.edu/
florida-atlantic-university,Florida Atlantic University,FL,133669,1,www.fau.edu/
florida-college-of-integrative-medicine,Florida College of Integrative Medicine,FL,434441,0,https://www.fcim.edu/
florida-gulf-coast-university,Florida Gulf Coast University,FL,433660,1,www.fgcu.edu/
florida-institute-of-technology,Florida Institute of Technology,FL,133881,1,https://www.fit.edu/
florida-institute-of-technology-online,Florida Institute of Technology-Online,FL,480569,0,https://www.fit.edu/
florida-international-university,Florida International University,FL,133951,1,www.fiu.edu/
florida-memorial-university,Florida Memorial University,FL,133979,0,www.fmuniv.edu/
florida-national-university-main-campus,Florida National University-Main Campus,FL,408844,0,www.fnu.edu/
florida-polytechnic-university,Florida Polytechnic University,FL,482936,0,floridapoly.edu/
florida-southern-college,Florida Southern College,FL,134079,1,www.flsouthern.edu/
florida-state-university,Florida State University,FL,134097,1,https://www.fsu.edu/
fontbonne-university,Fontbonne University,MO,177418,1,https://www.fontbonne.edu/
fordham-university,Fordham University,NY,191241,1,https://www.fordham.edu/
fort-hays-state-university,Fort Hays State University,KS,155061,1,www.fhsu.edu/
fort-lewis-college,Fort Lewis College,CO,127185,0,fortlewis.edu/
fort-valley-state-university,Fort Valley State University,GA,139719,0,www.fvsu.edu/
framingham-state-university,Framingham State University,MA,165866,0,www.framingham.edu/
francis-marion-university,Francis Marion University,SC,218061,1,www.fmarion.edu/
franciscan-missionaries-of-our-lady-university,Franciscan Missionaries of Our Lady University,LA,160074,1,www.franu.edu/
franciscan-school-of-theology,Franciscan School of Theology,CA,114734,0,www.fst.edu/
franciscan-university-of-steubenville,Franciscan University of Steubenville,OH,205957,0,www.franciscan.edu/
franklin-college,Franklin College,IN,150604,0,www.franklincollege.edu/
franklin-pierce-university,Franklin Pierce University,NH,182795,1,https://www.franklinpierce.edu/
franklin-university,Franklin University,OH,202806,1,www.franklin.edu/
freed-hardeman-university,Freed-Hardeman University,TN,220215,1,www.fhu.edu/
fremont-university,Fremont University,CA,372073,0,https://www.fremont.edu/
fresno-pacific-university,Fresno Pacific University,CA,114813,0,www.fresno.edu/
friends-university,Friends University,KS,155089,1,www.friends.edu/
frontier-nursing-university,Frontier Nursing University,KY,156727,1,www.frontier.edu/
frostburg-state-university,Frostburg State University,MD,162584,1,www.frostburg.edu/
full-sail-university,Full Sail University,FL,134237,0,www.fullsail.edu/
fuller-theological-seminary,Fuller Theological Seminary,CA,114840,1,www.fuller.edu/
furman-university,Furman University,SC,218070,0,www.furman.edu/
future-generations-university,Future Generations University,WV,481030,0,www.future.edu/
galen-college-of-nursing-louisville,Galen College of Nursing-Louisville,KY,156471,0,www.galencollege.edu/louisville
gallaudet-university,Gallaudet University,DC,131450,1,www.gallaudet.edu/
gannon-university,Gannon University,PA,212601,1,www.gannon.edu/
gardner-webb-university,Gardner-Webb University,NC,198561,1,www.gardner-webb.edu/
garrett-evangelical-theological-seminary,Garrett-Evangelical Theological Seminary,IL,145275,1,www.garrett.edu/
geisinger-commonwealth-school-of-medicine,Geisinger Commonwealth School of Medicine,PA,456542,1,https://www.geisinger.edu/education
geneva-college,Geneva College,PA,212656,0,www.geneva.edu/
george-fox-university,George Fox University,OR,208822,1,https://www.georgefox.edu/
george-mason-university,George Mason University,VA,232186,1,https://www2.gmu.edu/
george-washington-university,George Washington University,DC,131469,1,https://www.gwu.edu/
georgetown-college,Georgetown College,KY,156745,0,www.georgetowncollege.edu/
georgetown-university,Georgetown University,DC,131496,1,www.georgetown.edu/
georgia-college-and-state-university,Georgia College & State University,GA,139861,1,www.gcsu.edu/
georgia-institute-of-technology-main-campus,Georgia Institute of Technology-Main Campus,GA,139755,1,www.gatech.edu/
georgia-southern-university,Georgia Southern University,GA,139931,1,www.georgiasouthern.edu/
georgia-southwestern-state-university,Georgia Southwestern State University,GA,139764,0,https://gsw.edu/
georgia-state-university,Georgia State University,GA,139940,1,www.gsu.edu/
georgian-court-university,Georgian Court University,NJ,184773,1,https://georgian.edu/
gettysburg-college,Gettysburg College,PA,212674,0,https://www.gettysburg.edu/
glasgow-caledonian-new-york-college,Glasgow Caledonian New York College,NY,494551,0,www.gcnyc.edu/
glenville-state-university,Glenville State University,WV,237385,0,www.glenville.edu/
goddard-college,Goddard College,VT,230889,0,www.goddard.edu/
gods-bible-school-and-college,Gods Bible School and College,OH,202903,0,www.gbs.edu/
golden-gate-university,Golden Gate University,CA,115083,1,www.ggu.edu/
goldey-beacom-college,Goldey-Beacom College,DE,130989,1,www.gbc.edu/
gonzaga-university,Gonzaga University,WA,235316,1,https://www.gonzaga.edu/
goodwin-university,Goodwin University,CT,129154,0,www.goodwin.edu/
gordon-college,Gordon College,MA,165936,0,www.gordon.edu/
gordon-conwell-theological-seminary,Gordon-Conwell Theological Seminary,MA,165945,1,www.gordonconwell.edu/
goshen-college,Goshen College,IN,150668,1,www.goshen.edu/
goucher-college,Goucher College,MD,162654,0,www.goucher.edu/
governors-state-university,Governors State University,IL,145336,1,www.govst.edu/
grace-christian-university,Grace Christian University,MI,170000,0,www.gracechristian.edu/
grace-college-and-theological-seminary,Grace College and Theological Seminary,IN,150677,1,www.grace.edu/
grace-mission-university,Grace Mission University,CA,481058,1,www.gm.edu/
grace-school-of-theology,Grace School of Theology,TX,481401,1,www.gsot.edu/
graceland-university-lamoni,Graceland University-Lamoni,IA,153366,1,www.graceland.edu/
graduate-theological-union,Graduate Theological Union,CA,115214,1,www.gtu.edu/
grambling-state-university,Grambling State University,LA,159009,1,www.gram.edu/
grand-canyon-university,Grand Canyon University,AZ,104717,1,www.gcu.edu/
grand-valley-state-university,Grand Valley State University,MI,170082,1,www.gvsu.edu/
grand-view-university,Grand View University,IA,153375,0,www.grandview.edu/
gratz-college,Gratz College,PA,212771,1,https://www.gratz.edu/
greensboro-college,Greensboro College,NC,198598,0,https://www.greensboro.edu/
greenville-university,Greenville University,IL,145372,0,www.greenville.edu/
grove-city-college,Grove City College,PA,212805,0,www.gcc.edu/
guilford-college,Guilford College,NC,198613,0,https://www.guilford.edu/
gurnick-academy-of-medical-arts,Gurnick Academy of Medical Arts,CA,459213,0,www.gurnick.edu/
gwynedd-mercy-university,Gwynedd Mercy University,PA,212832,1,https://www.gmercyu.edu/
hackensack-meridian-school-of-medicine,Hackensack Meridian School of Medicine,NJ,495314,1,www.hmsom.org/
hallmark-university,Hallmark University,TX,225201,0,https://www.hallmarkuniversity.edu/
hamline-university,Hamline University,MN,173665,1,https://www.hamline.edu/
hampton-university,Hampton University,VA,232265,1,www.hamptonu.edu/
hannibal-lagrange-university,Hannibal-LaGrange University,MO,177542,0,www.hlg.edu/
hanover-college,Hanover College,IN,150756,1,www.hanover.edu/
hardin-simmons-university,Hardin-Simmons University,TX,225247,1,https://www.hsutx.edu/
harding-university,Harding University,AR,107044,1,www.harding.edu/
harrisburg-university-of-science-and-technology,Harrisburg University of Science and Technology,PA,446640,1,www.harrisburgu.edu/
hartford-international-university-for-religion-and-peace,Hartford International University for Religion and Peace,CT,129491,1,www.hartfordinternational.edu/
hartwick-college,Hartwick College,NY,191533,0,www.hartwick.edu/
harvard-university,Harvard University,MA,166027,1,www.harvard.edu/
hastings-college,Hastings College,NE,181127,0,www.hastings.edu/
haven-university,Haven University,CA,111045,1,www.haven.edu/
hawaii-pacific-university,Hawaii Pacific University,HI,141644,1,https://www.hpu.edu/
hazelden-betty-ford-graduate-school,Hazelden Betty Ford Graduate School,MN,173683,0,www.hazeldenbettyford.org/education/graduate-school-addiction-studies
hebrew-college,Hebrew College,MA,166045,0,www.hebrewcollege.edu/
hebrew-union-college-jewish-institute-of-religion,Hebrew Union College-Jewish Institute of Religion,NY,203067,1,www.huc.edu/
heidelberg-university,Heidelberg University,OH,203085,0,https://www.heidelberg.edu/
hellenic-college-holy-cross-greek-orthodox-school-of-theology,Hellenic College-Holy Cross Greek Orthodox School of Theology,MA,166054,0,www.hchc.edu/
henderson-state-university,Henderson State University,AR,107071,0,https://www.hsu.edu/
hendrix-college,Hendrix College,AR,107080,0,https://www.hendrix.edu/
heritage-bible-college,Heritage Bible College,NC,198677,0,www.heritagebiblecollege.edu/
heritage-christian-university,Heritage Christian University,AL,101453,0,www.hcu.edu/
heritage-university,Heritage University,WA,235422,0,www.heritage.edu/
herzing-university-atlanta,Herzing University-Atlanta,GA,140340,0,https://www.herzing.edu/
herzing-university-birmingham,Herzing University-Birmingham,AL,101365,0,https://www.herzing.edu/
herzing-university-brookfield,Herzing University-Brookfield,WI,459851,0,https://www.herzing.edu/
herzing-university-kenosha,Herzing University-Kenosha,WI,459842,0,https://www.herzing.edu/
herzing-university-madison,Herzing University-Madison,WI,240392,1,https://www.herzing.edu/
herzing-university-minneapolis,Herzing University-Minneapolis,MN,174154,0,https://www.herzing.edu/
herzing-university-nashville,Herzing University-Nashville,TN,499149,0,https://www.herzing.edu/
herzing-university-new-orleans,Herzing University-New Orleans,LA,433536,0,https://www.herzing.edu/
herzing-university-orlando,Herzing University-Orlando,FL,386472,0,https://www.herzing.edu/
herzing-university-tampa,Herzing University-Tampa,FL,496973,0,https://herzing.edu/
high-point-university,High Point University,NC,198695,1,www.highpoint.edu/
high-tech-high-graduate-school-of-education,High Tech High Graduate School of Education,CA,485403,0,https://hthgse.edu/
hilbert-college,Hilbert College,NY,191621,0,www.hilbert.edu/
hillsdale-college,Hillsdale College,MI,170286,1,https://www.hillsdale.edu/
hiram-college,Hiram College,OH,203128,0,www.hiram.edu/
hj-international-graduate-school-for-peace-and-public-leadership,HJ International Graduate School for Peace and Public Leadership,NY,246789,1,https://www.uts.edu/
hobart-william-smith-colleges,Hobart William Smith Colleges,NY,191630,0,www.hws.edu/
hobe-sound-bible-college,Hobe Sound Bible College,FL,134510,0,https://hsbc.edu/
hodges-university,Hodges University,FL,367884,0,https://www.hodges.edu/
hofstra-university,Hofstra University,NY,191649,1,www.hofstra.edu/
hollins-university,Hollins University,VA,232308,0,www.hollins.edu/
holy-apostles-college-and-seminary,Holy Apostles College and Seminary,CT,129534,0,www.holyapostles.edu/
holy-family-university,Holy Family University,PA,212984,1,https://www.holyfamily.edu/
holy-names-university,Holy Names University,CA,115728,0,
homestead-schools,Homestead Schools,CA,457086,0,www.homesteadschools.net/
hood-college,Hood College,MD,162760,1,www.hood.edu/
hood-theological-seminary,Hood Theological Seminary,NC,443076,1,www.hoodseminary.edu/
hope-international-university,Hope International University,CA,120537,1,www.hiu.edu/
horizon-university,Horizon University,IN,457226,0,www.horizonuniversity.edu/
houghton-university,Houghton University,NY,191676,0,www.houghton.edu/
houston-christian-university,Houston Christian University,TX,225399,1,https://www.hc.edu/
houston-graduate-school-of-theology,Houston Graduate School of Theology,TX,246345,1,www.hgst.edu/
howard-payne-university,Howard Payne University,TX,225548,0,www.hputx.edu/
howard-university,Howard University,DC,131520,1,www.howard.edu/
hult-international-business-school,Hult International Business School,MA,164368,0,www.hult.edu/
humphreys-university-stockton-and-modesto-campuses,Humphreys University-Stockton and Modesto Campuses,CA,115773,1,www.humphreys.edu/
huntingdon-college,Huntingdon College,AL,101435,0,https://www.huntingdon.edu/
huntington-university,Huntington University,IN,150941,1,www.huntington.edu/
huntington-university-of-health-sciences,Huntington University of Health Sciences,TN,488068,1,
huntsville-bible-college,Huntsville Bible College,AL,449348,1,www.huntsvillebiblecollege.org/
husson-university,Husson University,ME,487524,1,www.husson.edu/
huston-tillotson-university,Huston-Tillotson University,TX,225575,0,www.htu.edu/
icahn-school-of-medicine-at-mount-sinai,Icahn School of Medicine at Mount Sinai,NY,193405,1,icahn.mssm.edu/
idaho-college-of-osteopathic-medicine,Idaho College of Osteopathic Medicine,ID,493947,1,https://www.icom.edu/
idaho-state-university,Idaho State University,ID,142276,1,www.isu.edu/
iliff-school-of-theology,Iliff School of Theology,CO,127273,1,www.iliff.edu/
illinois-college,Illinois College,IL,145691,0,www.ic.edu/
illinois-college-of-optometry,Illinois College of Optometry,IL,145628,1,www.ico.edu/
illinois-institute-of-technology,Illinois Institute of Technology,IL,145725,1,https://www.iit.edu/
illinois-state-university,Illinois State University,IL,145813,1,illinoisstate.edu/
immaculata-university,Immaculata University,PA,213011,1,www.immaculata.edu/
indiana-institute-of-technology,Indiana Institute of Technology,IN,151290,1,www.indianatech.edu/
indiana-state-university,Indiana State University,IN,151324,1,https://www.indstate.edu/
indiana-university-of-pennsylvania-main-campus,Indiana University of Pennsylvania-Main Campus,PA,213020,1,www.iup.edu/
indiana-university-bloomington,Indiana University-Bloomington,IN,151351,1,www.indiana.edu/
indiana-university-east,Indiana University-East,IN,151388,0,www.iue.edu/
indiana-university-indianapolis,Indiana University-Indianapolis,IN,151111,1,https://indianapolis.iu.edu/
indiana-university-kokomo,Indiana University-Kokomo,IN,151333,0,www.iuk.edu/
indiana-university-northwest,Indiana University-Northwest,IN,151360,0,www.iun.edu/
indiana-university-south-bend,Indiana University-South Bend,IN,151342,0,https://iusb.edu/
indiana-university-southeast,Indiana University-Southeast,IN,151379,0,https://ius.edu/
indiana-wesleyan-university-marion,Indiana Wesleyan University-Marion,IN,151801,1,https://www.indwes.edu/
indiana-wesleyan-university-national-and-global,Indiana Wesleyan University-National & Global,IN,488679,1,https://www.indwes.edu/
institute-for-clinical-social-work,Institute for Clinical Social Work,IL,145886,1,www.icsw.edu/
institute-for-doctoral-studies-in-the-visual-arts,Institute for Doctoral Studies in the Visual Arts,ME,462044,1,https://www.idsva.edu/
institute-of-american-indian-and-alaska-native-culture-and-arts-development,Institute of American Indian and Alaska Native Culture and Arts Development,NM,187745,0,https://iaia.edu/
institute-of-buddhist-studies,Institute of Buddhist Studies,CA,489335,0,www.shin-ibs.edu/
institute-of-clinical-acupuncture-and-oriental-med,Institute of Clinical Acupuncture & Oriental Med,HI,444699,1,www.orientalmedicine.edu/
institute-of-lutheran-theology,Institute of Lutheran Theology,SD,493363,1,ilt.edu/
institute-of-taoist-education-and-acupuncture,Institute of Taoist Education and Acupuncture,CO,454838,0,www.itea.edu/
institute-of-world-politics,Institute of World Politics,DC,455804,1,www.iwp.edu/
inter-american-university-of-puerto-rico-aguadilla,Inter American University of Puerto Rico-Aguadilla,PR,242626,0,aguadilla.inter.edu/
inter-american-university-of-puerto-rico-arecibo,Inter American University of Puerto Rico-Arecibo,PR,242635,1,www.arecibo.inter.edu/
inter-american-university-of-puerto-rico-barranquitas,Inter American University of Puerto Rico-Barranquitas,PR,242644,1,www.br.inter.edu/
inter-american-university-of-puerto-rico-bayamon,Inter American University of Puerto Rico-Bayamon,PR,242705,0,bayamon.inter.edu/
inter-american-university-of-puerto-rico-central-office,Inter American University of Puerto Rico-Central Office,PR,242671,1,www.inter.edu/
inter-american-university-of-puerto-rico-fajardo,Inter American University of Puerto Rico-Fajardo,PR,242680,0,www.fajardo.inter.edu/
inter-american-university-of-puerto-rico-guayama,Inter American University of Puerto Rico-Guayama,PR,242699,0,www.guayama.inter.edu/
inter-american-university-of-puerto-rico-metro,Inter American University of Puerto Rico-Metro,PR,242653,1,metro.inter.edu/
inter-american-university-of-puerto-rico-ponce,Inter American University of Puerto Rico-Ponce,PR,242662,1,www.ponce.inter.edu/
inter-american-university-of-puerto-rico-san-german,Inter American University of Puerto Rico-San German,PR,242617,1,www.sg.inter.edu/
inter-american-university-of-puerto-rico-school-of-law,Inter American University of Puerto Rico-School of Law,PR,242723,1,www.derecho.inter.edu/
inter-american-university-of-puerto-rico-school-of-optometry,Inter American University of Puerto Rico-School of Optometry,PR,404222,1,www.optonet.inter.edu/
interdenominational-theological-center,Interdenominational Theological Center,GA,140146,1,www.itc.edu/
interior-designers-institute,Interior Designers Institute,CA,116226,0,https://www.idi.edu/
international-baptist-college-and-seminary,International Baptist College and Seminary,AZ,436614,1,www.ibcs.edu/ibc/
international-institute-for-restorative-practices,International Institute for Restorative Practices,PA,448691,0,iirp.edu/
iona-university,Iona University,NY,191931,0,www.iona.edu/
iowa-state-university,Iowa State University,IA,153603,1,https://www.iastate.edu/
iowa-wesleyan-university,Iowa Wesleyan University,IA,153621,0,
irell-and-manella-graduate-school-of-biological-sciences-at-city-of-hope,Irell & Manella Graduate School of Biological Sciences at City of Hope,CA,441238,1,https://www.cityofhope.org/grad-school
ithaca-college,Ithaca College,NY,191968,1,www.ithaca.edu/
jackson-state-university,Jackson State University,MS,175856,1,https://www.jsums.edu/
jackson-theological-seminary,Jackson Theological Seminary,AR,497453,0,https://jtseminary.edu/
jacksonville-state-university,Jacksonville State University,AL,101480,1,www.jsu.edu/
jacksonville-university,Jacksonville University,FL,134945,1,https://www.ju.edu/index.php
james-madison-university,James Madison University,VA,232423,1,www.jmu.edu/
jarvis-christian-university,Jarvis Christian University,TX,225885,0,www.jarvis.edu/
jewish-theological-seminary-of-america,Jewish Theological Seminary of America,NY,192040,1,www.jtsa.edu/
john-brown-university,John Brown University,AR,107141,0,https://www.jbu.edu/
john-carroll-university,John Carroll University,OH,203368,0,jcu.edu/
john-patrick-university-of-health-and-applied-sciences,John Patrick University of Health and Applied Sciences,IN,488776,0,https://jpu.edu/
johns-hopkins-university,Johns Hopkins University,MD,162928,1,www.jhu.edu/
johnson-and-wales-university-online,Johnson & Wales University-Online,RI,460349,1,https://online.jwu.edu/?_ga=2.36357734.752362341.1629739669-391300583.1600981500
johnson-and-wales-university-providence,Johnson & Wales University-Providence,RI,217235,1,https://www.jwu.edu/campuses/providence/
johnson-c-smith-university,Johnson C Smith University,NC,198756,0,https://www.jcsu.edu/
johnson-university,Johnson University,TN,220473,1,johnsonu.edu/
jose-maria-vargas-university,Jose Maria Vargas University,FL,461281,0,www.jmvu.edu/
joyce-university-of-nursing-and-health-sciences,Joyce University of Nursing and Health Sciences,UT,447263,0,www.joyce.edu/
judson-university,Judson University,IL,146339,1,www.judsonu.edu/
jung-tao-school-of-classical-chinese-medicine,Jung Tao School of Classical Chinese Medicine,NC,461139,0,www.jungtao.edu/
juniata-college,Juniata College,PA,213251,0,www.juniata.edu/
kairos-university,Kairos University,SD,219240,1,www.kairos.edu/
kansas-christian-college,Kansas Christian College,KS,155308,0,https://www.kansaschristian.edu/
kansas-city-university,Kansas City University,MO,179812,1,www.kansascity.edu/
kansas-city-university,Kansas City University,MO,490601,1,
kansas-health-science-center,Kansas Health Science Center,KS,497693,1,https://kansascom.kansashsc.org/
kansas-state-university,Kansas State University,KS,155399,1,www.k-state.edu/
kansas-wesleyan-university,Kansas Wesleyan University,KS,155414,0,www.kwu.edu/
kean-university,Kean University,NJ,185262,1,https://www.kean.edu/
keck-graduate-institute,Keck Graduate Institute,CA,440031,1,www.kgi.edu/
keene-state-college,Keene State College,NH,183062,0,www.keene.edu/
keiser-university-ft-lauderdale,Keiser University-Ft Lauderdale,FL,135081,1,www.keiseruniversity.edu/
kennesaw-state-university,Kennesaw State University,GA,486840,1,www.kennesaw.edu/
kenrick-glennon-seminary,Kenrick Glennon Seminary,MO,177816,0,www.kenrick.edu/
kent-state-university-at-geauga,Kent State University at Geauga,OH,203526,0,www.kent.edu/geauga
kent-state-university-at-kent,Kent State University at Kent,OH,203517,1,www.kent.edu/
kent-state-university-at-stark,Kent State University at Stark,OH,203465,0,www.kent.edu/stark
kentucky-christian-university,Kentucky Christian University,KY,157100,0,www.kcu.edu/
kentucky-state-university,Kentucky State University,KY,157058,1,www.kysu.edu/
kettering-college,Kettering College,OH,203544,1,kc.edu/
kettering-university,Kettering University,MI,169983,0,https://www.kettering.edu/
keuka-college,Keuka College,NY,192192,0,https://www.keuka.edu/
keystone-college,Keystone College,PA,213303,0,https://www.keystone.edu/
king-university,King University,TN,220516,1,https://www.king.edu/
king-s-college,King's College,PA,213321,1,www.kings.edu/
kutztown-university-of-pennsylvania,Kutztown University of Pennsylvania,PA,213349,1,https://www.kutztown.edu/
kuyper-college,Kuyper College,MI,171881,0,https://www.kuyper.edu/
la-roche-university,La Roche University,PA,213358,1,www.laroche.edu/
la-salle-university,La Salle University,PA,213367,1,www.lasalle.edu/
la-sierra-university,La Sierra University,CA,117627,1,https://lasierra.edu/
lac-courte-oreilles-ojibwe-university,Lac Courte Oreilles Ojibwe University,WI,260372,0,www.lco.edu/
lagrange-college,LaGrange College,GA,140234,0,www.lagrange.edu/
laguna-college-of-art-and-design,Laguna College of Art and Design,CA,117168,0,www.lcad.edu/
lake-erie-college,Lake Erie College,OH,203580,0,www.lec.edu/
lake-erie-college-of-osteopathic-medicine,Lake Erie College of Osteopathic Medicine,PA,407629,1,www.lecom.edu/
lake-forest-college,Lake Forest College,IL,146481,0,www.lakeforest.edu/
lake-forest-graduate-school-of-management,Lake Forest Graduate School of Management,IL,146490,0,https://lfgsm.edu/
lakeland-university,Lakeland University,WI,238980,0,www.lakeland.edu/
lakewood-university,Lakewood University,OH,496706,0,https://lakewood.edu/
lamar-university,Lamar University,TX,226091,1,www.lamar.edu/
lancaster-bible-college,Lancaster Bible College,PA,213400,1,https://www.lbc.edu/
lancaster-theological-seminary,Lancaster Theological Seminary,PA,213446,1,www.lancasterseminary.edu/
lander-university,Lander University,SC,218229,0,https://www.lander.edu/
langston-university,Langston University,OK,207209,1,www.langston.edu/
larkin-university,Larkin University,FL,498234,1,https://ularkin.org/
lasell-university,Lasell University,MA,166391,0,www.lasell.edu/
lawrence-technological-university,Lawrence Technological University,MI,170675,1,www.ltu.edu/
le-moyne-college,Le Moyne College,NY,192323,1,www.lemoyne.edu/
learnet-academy-inc,Learnet Academy Inc,CA,483221,0,https://learnet.edu/
lebanon-valley-college,Lebanon Valley College,PA,213507,1,www.lvc.edu/
lee-university,Lee University,TN,220613,1,www.leeuniversity.edu/
lees-mcrae-college,Lees-McRae College,NC,198808,0,www.lmc.edu/
lehigh-university,Lehigh University,PA,213543,1,www.lehigh.edu/
lenoir-rhyne-university,Lenoir-Rhyne University,NC,198835,1,www.lr.edu/
lesley-university,Lesley University,MA,166452,1,www.lesley.edu/
letourneau-university,LeTourneau University,TX,226231,0,www.letu.edu/
lewis-and-clark-college,Lewis & Clark College,OR,209056,1,www.lclark.edu/
lewis-university,Lewis University,IL,146612,1,www.lewisu.edu/
lexington-theological-seminary,Lexington Theological Seminary,KY,157207,1,www.lextheo.edu/
liberty-university,Liberty University,VA,232557,1,https://www.liberty.edu/
life-chiropractic-college-west,Life Chiropractic College West,CA,117520,1,www.lifewest.edu/
life-pacific-university,Life Pacific University,CA,117104,0,https://lifepacific.edu/
life-university,Life University,GA,140252,1,www.life.edu/
lim-college,LIM College,NY,192271,0,www.limcollege.edu/
limestone-university,Limestone University,SC,218238,0,www.limestone.edu/
lincoln-christian-university,Lincoln Christian University,IL,146667,1,www.lincolnchristian.edu/
lincoln-memorial-university,Lincoln Memorial University,TN,220631,1,www.lmunet.edu/
lincoln-university,Lincoln University,CA,117557,1,https://lincolnuca.edu/
lincoln-university,Lincoln University,MO,177940,0,https://www.lincolnu.edu/
lincoln-university,Lincoln University,PA,213598,0,www.lincoln.edu/
lindenwood-university,Lindenwood University,MO,177968,1,https://www.lindenwood.edu/
lindsey-wilson-college,Lindsey Wilson College,KY,157216,1,https://www.lindsey.edu/
linfield-university,Linfield University,OR,209065,0,https://www.linfield.edu/
lionel-university,Lionel University,CA,485519,0,lionel.edu/
lipscomb-university,Lipscomb University,TN,219976,1,https://www.lipscomb.edu/
livingstone-college,Livingstone College,NC,198862,0,livingstone.edu/
logan-university,Logan University,MO,177986,1,https://www.logan.edu/
loma-linda-university,Loma Linda University,CA,117636,1,www.llu.edu/index.html
long-island-university,Long Island University,NY,192448,1,www.liu.edu/
longwood-university,Longwood University,VA,232566,0,www.longwood.edu/
longy-school-of-music-of-bard-college,Longy School of Music of Bard College,MA,166489,0,longy.edu/
loras-college,Loras College,IA,153825,0,www.loras.edu/
los-angeles-college-of-music,Los Angeles College of Music,CA,446385,0,www.lacm.edu/
los-angeles-pacific-university,Los Angeles Pacific University,CA,474863,0,https://www.lapu.edu/
lotus-professional-college,Lotus Professional College,VA,494621,0,lotus.edu/
louisiana-christian-university,Louisiana Christian University,LA,159568,0,www.lcuniversity.edu/
louisiana-state-university-and-agricultural-and-mechanical-college,Louisiana State University and Agricultural & Mechanical College,LA,159391,1,www.lsu.edu/
louisiana-state-university-health-sciences-center-new-orleans,Louisiana State University Health Sciences Center-New Orleans,LA,159373,1,www.lsuhsc.edu/
louisiana-state-university-health-sciences-center-shreveport,Louisiana State University Health Sciences Center-Shreveport,LA,435000,1,https://www.lsuhs.edu/
louisiana-state-university-shreveport,Louisiana State University-Shreveport,LA,159416,1,www.lsus.edu/
louisiana-tech-university,Louisiana Tech University,LA,159647,1,https://www.latech.edu/
louisville-presbyterian-theological-seminary,Louisville Presbyterian Theological Seminary,KY,157298,1,www.lpts.edu/
lourdes-university,Lourdes University,OH,203757,1,www.lourdes.edu/
loyola-marymount-university,Loyola Marymount University,CA,117946,1,https://www.lmu.edu/
loyola-university-chicago,Loyola University Chicago,IL,146719,1,https://www.luc.edu/
loyola-university-maryland,Loyola University Maryland,MD,163046,1,https://www.loyola.edu/
loyola-university-new-orleans,Loyola University New Orleans,LA,159656,1,www.loyno.edu/
lubbock-christian-university,Lubbock Christian University,TX,226383,1,https://www.lcu.edu/
luther-rice-college-and-seminary,Luther Rice College & Seminary,GA,135364,1,www.lutherrice.edu/
luther-seminary,Luther Seminary,MN,173896,1,https://www.luthersem.edu/
lutheran-school-of-theology-at-chicago,Lutheran School of Theology at Chicago,IL,146728,1,www.lstc.edu/
lynn-university,Lynn University,FL,132657,1,https://www.lynn.edu/
lyon-college,Lyon College,AR,106342,0,www.lyon.edu/
madonna-university,Madonna University,MI,170806,1,https://www.madonna.edu/
maharishi-international-university,Maharishi International University,IA,153861,1,https://www.miu.edu/
maine-college-of-art-and-design,Maine College of Art & Design,ME,161509,0,www.meca.edu/
maine-maritime-academy,Maine Maritime Academy,ME,161299,0,https://mainemaritime.edu/
maine-media-college,Maine Media College,ME,490753,0,https://www.mainemedia.edu/college/
malone-university,Malone University,OH,203775,0,https://www.malone.edu/
manchester-university,Manchester University,IN,151777,1,https://www.manchester.edu/
manhattan-college,Manhattan College,NY,192703,0,www.manhattan.edu/
manhattan-school-of-music,Manhattan School of Music,NY,192712,1,www.msmnyc.edu/
manhattanville-college,Manhattanville College,NY,192749,1,https://www.mville.edu/
manna-university,Manna University,NC,461528,1,https://www.manna.edu/
maranatha-baptist-university,Maranatha Baptist University,WI,239071,1,www.mbu.edu/
maria-college-of-albany,Maria College of Albany,NY,192785,0,www.mariacollege.edu/
marian-university,Marian University,IN,151786,1,www.marian.edu/
marian-university,Marian University,WI,239080,0,https://www.marianuniversity.edu/
marietta-college,Marietta College,OH,203845,0,https://www.marietta.edu/
marist-college,Marist College,NY,192819,1,www.marist.edu/
marquette-university,Marquette University,WI,239105,1,www.marquette.edu/
mars-hill-university,Mars Hill University,NC,198899,0,www.mhu.edu/
marshall-b-ketchum-university,Marshall B Ketchum University,CA,123943,1,www.ketchum.edu/
marshall-university,Marshall University,WV,237525,1,https://www.marshall.edu/
martin-luther-college,Martin Luther College,MN,173452,0,www.mlc-wels.edu/
martin-university,Martin University,IN,151810,0,www.martin.edu/
mary-baldwin-university,Mary Baldwin University,VA,232672,1,https://www.marybaldwin.edu/
maryland-institute-college-of-art,Maryland Institute College of Art,MD,163295,0,www.mica.edu/
maryland-university-of-integrative-health,Maryland University of Integrative Health,MD,164085,1,www.muih.edu/
marymount-university,Marymount University,VA,232706,1,https://www.marymount.edu/
maryville-college,Maryville College,TN,220710,0,www.maryvillecollege.edu/
maryville-university-of-saint-louis,Maryville University of Saint Louis,MO,178059,1,https://www.maryville.edu/
marywood-university,Marywood University,PA,213826,1,https://www.marywood.edu/
massachusetts-college-of-art-and-design,Massachusetts College of Art and Design,MA,166674,0,https://massart.edu/
massachusetts-college-of-liberal-arts,Massachusetts College of Liberal Arts,MA,167288,0,https://www.mcla.edu/
massachusetts-institute-of-technology,Massachusetts Institute of Technology,MA,166683,1,web.mit.edu/
massachusetts-maritime-academy,Massachusetts Maritime Academy,MA,166692,0,https://www.maritime.edu/
massachusetts-school-of-law,Massachusetts School of Law,MA,369002,1,www.mslaw.edu/
mayo-clinic-college-of-medicine-and-science,Mayo Clinic College of Medicine and Science,MN,173957,1,https://college.mayo.edu/
mayville-state-university,Mayville State University,ND,200226,0,www.mayvillestate.edu/
mccormick-theological-seminary,McCormick Theological Seminary,IL,146977,1,https://www.mccormick.edu/
mcdaniel-college,McDaniel College,MD,164270,0,www.mcdaniel.edu/
mckendree-university,McKendree University,IL,147013,1,https://www.mckendree.edu/
mcmurry-university,McMurry University,TX,226587,0,https://mcm.edu/
mcneese-state-university,McNeese State University,LA,159717,1,www.mcneese.edu/
mcpherson-college,McPherson College,KS,155511,0,www.mcpherson.edu/
mcphs-university,MCPHS University,MA,166656,1,www.mcphs.edu/
meadville-theological-school-of-lombard-college,Meadville Theological School of Lombard College,IL,147031,1,www.meadville.edu/
medaille-university,Medaille University,NY,192925,1,
medical-college-of-wisconsin,Medical College of Wisconsin,WI,239169,1,www.mcw.edu/
medical-university-of-south-carolina,Medical University of South Carolina,SC,218335,1,https://web.musc.edu/
meharry-medical-college,Meharry Medical College,TN,220792,1,www.mmc.edu/
memphis-theological-seminary,Memphis Theological Seminary,TN,220871,1,www.memphisseminary.edu/
menlo-college,Menlo College,CA,118693,0,www.menlo.edu/
mercer-university,Mercer University,GA,140447,1,https://www.mercer.edu/
mercy-college-of-health-sciences,Mercy College of Health Sciences,IA,153977,0,https://www.mchs.edu/
mercy-college-of-ohio,Mercy College of Ohio,OH,203960,0,www.mercycollege.edu/
mercy-university,Mercy University,NY,193016,1,https://www.mercy.edu/
mercyhurst-university,Mercyhurst University,PA,213987,0,www.mercyhurst.edu/
meredith-college,Meredith College,NC,198950,0,www.meredith.edu/
meridian-university,Meridian University,CA,491808,1,https://meridianuniversity.edu/
merrimack-college,Merrimack College,MA,166850,0,https://www.merrimack.edu/
mesivta-of-eastern-parkway-yeshiva-zichron-meilech,Mesivta of Eastern Parkway-Yeshiva Zichron Meilech,NY,193061,1,https://mesivtaofeasternparkway.com/
mesivta-torah-vodaath-rabbinical-seminary,Mesivta Torah Vodaath Rabbinical Seminary,NY,193052,0,independentrabbinicalcolleges.org/index.html
mesivtha-tifereth-jerusalem-of-america,Mesivtha Tifereth Jerusalem of America,NY,193070,1,mtj.edu/
messiah-university,Messiah University,PA,213996,1,www.messiah.edu/
methodist-college,Methodist College,IL,147129,0,www.methodistcol.edu/
methodist-theological-school-in-ohio,Methodist Theological School in Ohio,OH,203997,1,https://www.mtso.edu/
methodist-university,Methodist University,NC,198969,1,www.methodist.edu/
metropolitan-college-of-new-york,Metropolitan College of New York,NY,190114,0,https://www.mcny.edu/
metropolitan-state-university,Metropolitan State University,MN,174020,1,www.metrostate.edu/
metropolitan-state-university-of-denver,Metropolitan State University of Denver,CO,127565,0,www.msudenver.edu/
mgh-institute-of-health-professions,MGH Institute of Health Professions,MA,166869,1,www.mghihp.edu/
miami-international-university-of-art-and-design-art-institute-dallas,Miami International University of Art & Design-Art Institute Dallas,TX,224776,0,
miami-regional-university,Miami Regional University,FL,451103,1,https://www.mru.edu/
miami-university-hamilton,Miami University-Hamilton,OH,204006,0,miamioh.edu/regionals/
miami-university-middletown,Miami University-Middletown,OH,204015,0,miamioh.edu/regionals/
miami-university-oxford,Miami University-Oxford,OH,204024,1,miamioh.edu/
michigan-school-of-psychology,Michigan School of Psychology,MI,169220,1,msp.edu/
michigan-state-university,Michigan State University,MI,171100,1,https://www.msu.edu/
michigan-technological-university,Michigan Technological University,MI,171128,1,https://www.mtu.edu/
mid-america-christian-university,Mid-America Christian University,OK,245953,0,www.macu.edu/
mid-south-christian-college,Mid-South Christian College,TN,481225,1,https://www.midsouthchristian.edu/
midamerica-nazarene-university,MidAmerica Nazarene University,KS,155520,0,https://www.mnu.edu/
middle-georgia-state-university,Middle Georgia State University,GA,482158,1,https://www.mga.edu/
middle-tennessee-school-of-anesthesia-inc,Middle Tennessee School of Anesthesia Inc,TN,220996,1,mtsa.edu/
middle-tennessee-state-university,Middle Tennessee State University,TN,220978,1,www.mtsu.edu/
middlebury-college,Middlebury College,VT,230959,1,https://www.middlebury.edu/college/
middlebury-institute-of-international-studies-at-monterey,Middlebury Institute of International Studies at Monterey,CA,119058,0,https://www.middlebury.edu/institute/
midland-university,Midland University,NE,181330,1,https://www.midlandu.edu/
midway-university,Midway University,KY,157377,0,www.midway.edu/
midwest-college-of-oriental-medicine-racine,Midwest College of Oriental Medicine-Racine,WI,383020,0,www.acupuncture.edu/
midwest-college-of-oriental-medicine-skokie,Midwest College of Oriental Medicine-Skokie,IL,439020,0,www.acupuncture.edu/
midwestern-baptist-theological-seminary,Midwestern Baptist Theological Seminary,MO,178208,1,https://www.mbts.edu/
midwestern-state-university,Midwestern State University,TX,226833,1,www.msutexas.edu/
midwestern-university-downers-grove,Midwestern University-Downers Grove,IL,143853,1,https://www.midwestern.edu/
midwestern-university-glendale,Midwestern University-Glendale,AZ,423643,1,https://www.midwestern.edu/
midwives-college-of-utah,Midwives College of Utah,UT,480985,0,https://www.midwifery.edu/
millennia-atlantic-university,Millennia Atlantic University,FL,461883,0,www.maufl.edu/en/home
millersville-university-of-pennsylvania,Millersville University of Pennsylvania,PA,214041,1,www.millersville.edu/
milligan-university,Milligan University,TN,486901,1,www.milligan.edu/
millikin-university,Millikin University,IL,147244,1,https://millikin.edu/
millsaps-college,Millsaps College,MS,175980,0,www.millsaps.edu/
milwaukee-school-of-engineering,Milwaukee School of Engineering,WI,239318,0,www.msoe.edu/
minerva-university,Minerva University,CA,484844,0,https://minerva.edu/
minneapolis-college-of-art-and-design,Minneapolis College of Art and Design,MN,174127,0,https://mcad.edu/
minnesota-state-colleges-and-universities-system-office,Minnesota State Colleges and Universities System Office,MN,428453,1,www.minnstate.edu/
minnesota-state-university-moorhead,Minnesota State University Moorhead,MN,174358,1,https://www.mnstate.edu/
minnesota-state-university-mankato,Minnesota State University-Mankato,MN,173920,1,https://mnsu.edu/
minot-state-university,Minot State University,ND,200253,0,www.minotstateu.edu/
mirrer-yeshiva-cent-institute,Mirrer Yeshiva Cent Institute,NY,193247,1,www.mirreryeshiva.com/
misericordia-university,Misericordia University,PA,214069,1,www.misericordia.edu/
missio-theological-seminary,Missio Theological Seminary,PA,211130,1,www.missio.edu/
mission-university,Mission University,MO,176664,0,www.mission.edu/
mississippi-college,Mississippi College,MS,176053,1,www.mc.edu/
mississippi-state-university,Mississippi State University,MS,176080,1,https://www.msstate.edu/
mississippi-university-for-women,Mississippi University for Women,MS,176035,1,https://www.muw.edu/
mississippi-valley-state-university,Mississippi Valley State University,MS,176044,0,www.mvsu.edu/
missouri-baptist-university,Missouri Baptist University,MO,178244,1,www.mobap.edu/
missouri-southern-state-university,Missouri Southern State University,MO,178341,0,www.mssu.edu/
missouri-state-university-springfield,Missouri State University-Springfield,MO,179566,1,www.missouristate.edu/
missouri-university-of-science-and-technology,Missouri University of Science and Technology,MO,178411,1,https://www.mst.edu/
missouri-valley-college,Missouri Valley College,MO,178369,0,https://www.moval.edu/
missouri-western-state-university,Missouri Western State University,MO,178387,0,https://www.missouriwestern.edu/
mitchell-hamline-school-of-law,Mitchell Hamline School of Law,MN,175281,1,www.mitchellhamline.edu/
molloy-college,Molloy College,NY,193292,1,www.molloy.edu/
monmouth-university,Monmouth University,NJ,185572,1,https://www.monmouth.edu/
monroe-college,Monroe College,NY,193308,0,www.monroecollege.edu/
montana-state-university,Montana State University,MT,180461,1,https://www.montana.edu/
montana-state-university-billings,Montana State University Billings,MT,180179,0,www.msubillings.edu/
montana-state-university-northern,Montana State University-Northern,MT,180522,0,www.msun.edu/
montana-technological-university,Montana Technological University,MT,180416,1,https://www.mtech.edu/
montclair-state-university,Montclair State University,NJ,185590,1,www.montclair.edu/
montreat-college,Montreat College,NC,199032,0,https://www.montreat.edu/
moody-bible-institute,Moody Bible Institute,IL,147369,1,https://www.moody.edu/
moore-college-of-art-and-design,Moore College of Art and Design,PA,214148,0,www.moore.edu/
moravian-university,Moravian University,PA,214157,1,www.moravian.edu/
morehead-state-university,Morehead State University,KY,157386,1,https://www.moreheadstate.edu/
morehouse-school-of-medicine,Morehouse School of Medicine,GA,140562,1,www.msm.edu/
morgan-state-university,Morgan State University,MD,163453,1,https://www.morgan.edu/
morningside-university,Morningside University,IA,154004,1,https://www.morningside.edu/
mount-aloysius-college,Mount Aloysius College,PA,214166,0,www.mtaloy.edu/
mount-angel-seminary,Mount Angel Seminary,OR,209241,1,https://www.mountangelabbey.org/seminary
mount-carmel-college-of-nursing,Mount Carmel College of Nursing,OH,204176,1,www.mccn.edu/
mount-holyoke-college,Mount Holyoke College,MA,166939,0,https://www.mtholyoke.edu/
mount-marty-university,Mount Marty University,SD,219198,1,www.mountmarty.edu/
mount-mary-university,Mount Mary University,WI,239390,1,www.mtmary.edu/
mount-mercy-university,Mount Mercy University,IA,154013,1,www.mtmercy.edu/
mount-saint-mary-college,Mount Saint Mary College,NY,193353,0,www.msmc.edu/
mount-saint-mary-s-university,Mount Saint Mary's University,CA,119173,1,https://www.msmu.edu/
mount-st-joseph-university,Mount St. Joseph University,OH,204200,1,www.msj.edu/
mount-st-mary-s-university,Mount St. Mary's University,MD,163462,0,https://msmary.edu/
mount-vernon-nazarene-university,Mount Vernon Nazarene University,OH,204194,0,www.mvnu.edu/
muhlenberg-college,Muhlenberg College,PA,214175,0,www.muhlenberg.edu/
multnomah-university,Multnomah University,OR,209287,1,https://www.multnomah.edu/
murray-state-university,Murray State University,KY,157401,1,www.murraystate.edu/
musicians-institute,Musicians Institute,CA,119270,0,www.mi.edu/
muskingum-university,Muskingum University,OH,204264,1,www.muskingum.edu/
naropa-university,Naropa University,CO,127653,0,https://www.naropa.edu/
nashotah-house,Nashotah House,WI,239424,1,www.nashotah.edu/
national-american-university-rapid-city,National American University-Rapid City,SD,219204,1,www.national.edu/locations/campuses/rapid-city/
national-louis-university,National Louis University,IL,147536,1,www.nl.edu/
national-paralegal-college,National Paralegal College,AZ,461023,0,https://nationalparalegal.edu/
national-university,National University,CA,119605,1,www.nu.edu/
national-university-of-health-sciences,National University of Health Sciences,IL,147590,1,https://www.nuhs.edu/
national-university-of-natural-medicine,National University of Natural Medicine,OR,209296,1,https://www.nunm.edu/
nationsuniversity,NationsUniversity,LA,488721,0,https://www.nationsu.edu/
navajo-technical-university,Navajo Technical University,NM,187596,1,www.navajotech.edu/
naval-postgraduate-school,Naval Postgraduate School,CA,119678,1,https://www.nps.edu/
nazarene-theological-seminary,Nazarene Theological Seminary,MO,178518,1,www.nts.edu/
nazareth-university,Nazareth University,NY,193584,1,https://www2.naz.edu/
nebraska-methodist-college-of-nursing-and-allied-health,Nebraska Methodist College of Nursing & Allied Health,NE,181297,1,www.methodistcollege.edu/
nebraska-wesleyan-university,Nebraska Wesleyan University,NE,181446,0,https://www.nebrwesleyan.edu/
ner-israel-rabbinical-college,Ner Israel Rabbinical College,MD,163532,1,https://nirc.edu/
neumann-university,Neumann University,PA,214272,1,www.neumann.edu/
nevada-state-university,Nevada State University,NV,441900,0,https://nsc.edu/
nevada-system-of-higher-education-system-office,Nevada System of Higher Education-System Office,NV,182519,1,https://nshe.nevada.edu/
new-brunswick-theological-seminary,New Brunswick Theological Seminary,NJ,185758,1,www.nbts.edu/
new-college-of-florida,New College of Florida,FL,262129,0,www.ncf.edu/
new-england-college,New England College,NH,182980,1,www.nec.edu/
new-england-college-of-optometry,New England College of Optometry,MA,167093,1,https://www.neco.edu/
new-england-institute-of-technology,New England Institute of Technology,RI,217305,1,https://www.neit.edu/
new-england-law-boston,New England Law-Boston,MA,167215,1,www.nesl.edu/
new-jersey-city-university,New Jersey City University,NJ,185129,1,www.njcu.edu/
new-jersey-institute-of-technology,New Jersey Institute of Technology,NJ,185828,1,https://www.njit.edu/
new-mexico-highlands-university,New Mexico Highlands University,NM,187897,0,www.nmhu.edu/
new-mexico-institute-of-mining-and-technology,New Mexico Institute of Mining and Technology,NM,187967,1,www.nmt.edu/
new-mexico-state-university-main-campus,New Mexico State University-Main Campus,NM,188030,1,www.nmsu.edu/
new-orleans-baptist-theological-seminary,New Orleans Baptist Theological Seminary,LA,159948,1,www.nobts.edu/
new-saint-andrews-college,New Saint Andrews College,ID,440396,0,nsa.edu/
new-york-academy-of-art,New York Academy of Art,NY,366368,0,nyaa.edu/
new-york-college-of-health-professions,New York College of Health Professions,NY,418126,0,www.nycollege.edu/
new-york-college-of-podiatric-medicine,New York College of Podiatric Medicine,NY,194073,1,www.nycpm.edu/
new-york-college-of-traditional-chinese-medicine,New York College of Traditional Chinese Medicine,NY,439783,0,www.nyctcm.edu/
new-york-film-academy,New York Film Academy,CA,461148,0,www.nyfa.edu/
new-york-institute-of-technology,New York Institute of Technology,NY,194091,1,www.nyit.edu/
new-york-law-school,New York Law School,NY,193821,1,www.nyls.edu/
new-york-medical-college,New York Medical College,NY,193830,1,https://www.nymc.edu/
new-york-school-of-interior-design,New York School of Interior Design,NY,194116,0,www.nysid.edu/
new-york-theological-seminary,New York Theological Seminary,NY,193894,1,https://www.nyts.edu/
new-york-university,New York University,NY,193900,1,https://www.nyu.edu/
newberry-college,Newberry College,SC,218414,0,www.newberry.edu/
newman-university,Newman University,KS,155335,1,www.newmanu.edu/
newschool-of-architecture-and-design,Newschool of Architecture and Design,CA,119775,0,www.newschoolarch.edu/
niagara-university,Niagara University,NY,193973,1,www.niagara.edu/
nicholls-state-university,Nicholls State University,LA,159966,0,www.nicholls.edu/
nichols-college,Nichols College,MA,167260,0,www.nichols.edu/
nightingale-college,Nightingale College,UT,444787,0,www.nightingale.edu/
norfolk-state-university,Norfolk State University,VA,232937,1,www.nsu.edu/
north-american-university,North American University,TX,461795,0,www.na.edu/
north-carolina-a-and-t-state-university,North Carolina A & T State University,NC,199102,1,www.ncat.edu/
north-carolina-central-university,North Carolina Central University,NC,199157,1,https://www.nccu.edu/
north-carolina-state-university-at-raleigh,North Carolina State University at Raleigh,NC,199193,1,www.ncsu.edu/
north-carolina-wesleyan-university,North Carolina Wesleyan University,NC,199209,0,www.ncwc.edu/
north-central-college,North Central College,IL,147660,1,northcentralcollege.edu/
north-central-university,North Central University,MN,174437,0,www.northcentral.edu/
north-dakota-state-university-main-campus,North Dakota State University-Main Campus,ND,200332,1,https://www.ndsu.edu/
north-greenville-university,North Greenville University,SC,218441,1,www.ngu.edu/
north-park-university,North Park University,IL,147679,1,www.northpark.edu/
northcentral-university,Northcentral University,CA,444130,1,www.nu.edu/
northeast-college-of-health-sciences,Northeast College of Health Sciences,NY,193751,1,https://www.northeastcollege.edu/
northeast-ohio-medical-university,Northeast Ohio Medical University,OH,204477,1,www.neomed.edu/
northeastern-illinois-university,Northeastern Illinois University,IL,147776,0,www.neiu.edu/
northeastern-seminary,Northeastern Seminary,NY,439817,1,www.nes.edu/
northeastern-state-university,Northeastern State University,OK,207263,1,https://www.nsuok.edu/
northeastern-university,Northeastern University,MA,167358,1,www.northeastern.edu/
northeastern-university-oakland,Northeastern University Oakland,CA,118888,0,https://oakland.northeastern.edu/
northeastern-university-professional-programs,Northeastern University Professional Programs,MA,482705,1,https://www.northeastern.edu/
northern-arizona-university,Northern Arizona University,AZ,105330,1,https://nau.edu/
northern-baptist-theological-seminary,Northern Baptist Theological Seminary,IL,147697,1,www.seminary.edu/
northern-illinois-university,Northern Illinois University,IL,147703,1,www.niu.edu/
northern-kentucky-university,Northern Kentucky University,KY,157447,1,www.nku.edu/
northern-michigan-university,Northern Michigan University,MI,171456,1,https://www.nmu.edu/
northern-state-university,Northern State University,SD,219259,0,www.northern.edu/
northern-vermont-university,Northern Vermont University,VT,230913,0,
northpoint-bible-college,Northpoint Bible College,MA,217606,0,www.northpoint.edu/
northwest-missouri-state-university,Northwest Missouri State University,MO,178624,0,https://www.nwmissouri.edu/
northwest-nazarene-university,Northwest Nazarene University,ID,142461,1,https://www.nnu.edu/
northwest-university,Northwest University,WA,236133,1,www.northwestu.edu/
northwest-university-center-for-online-and-extended-education,Northwest University-Center for Online and Extended Education,WA,487603,0,www.northwestu.edu/
northwestern-college,Northwestern College,IA,154101,0,https://www.nwciowa.edu/
northwestern-health-sciences-university,Northwestern Health Sciences University,MN,174507,1,www.nwhealth.edu/
northwestern-oklahoma-state-university,Northwestern Oklahoma State University,OK,207306,1,www.nwosu.edu/
northwestern-state-university-of-louisiana,Northwestern State University of Louisiana,LA,160038,1,https://www.nsula.edu/
northwestern-university,Northwestern University,IL,147767,1,www.northwestern.edu/
northwood-university,Northwood University,MI,171492,1,www.northwood.edu/
norwich-university,Norwich University,VT,230995,0,www.norwich.edu/
notre-dame-college,Notre Dame College,OH,204468,0,www.notredamecollege.edu/
notre-dame-de-namur-university,Notre Dame de Namur University,CA,120184,0,www.ndnu.edu/
notre-dame-of-maryland-university,Notre Dame of Maryland University,MD,163578,1,www.ndm.edu/
nova-southeastern-university,Nova Southeastern University,FL,136215,1,www.nova.edu/
nuc-university,NUC University,PR,242972,0,www.nuc.edu/
oak-point-university,Oak Point University,IL,149763,1,https://oakpoint.edu/
oakland-city-university,Oakland City University,IN,152099,1,www.oak.edu/
oakland-university,Oakland University,MI,171571,1,www.oakland.edu/
oakwood-university,Oakwood University,AL,101912,0,https://www2.oakwood.edu/
oberlin-college,Oberlin College,OH,204501,0,www.oberlin.edu/
oblate-school-of-theology,Oblate School of Theology,TX,227289,1,www.ost.edu/
occidental-college,Occidental College,CA,120254,0,https://www.oxy.edu/
oglala-lakota-college,Oglala Lakota College,SD,219277,0,www.olc.edu/
oglethorpe-university,Oglethorpe University,GA,140696,0,oglethorpe.edu/
ohio-christian-university,Ohio Christian University,OH,201964,0,www.ohiochristian.edu/
ohio-dominican-university,Ohio Dominican University,OH,204617,0,https://www.ohiodominican.edu/
ohio-northern-university,Ohio Northern University,OH,204635,1,www.onu.edu/
ohio-state-university-main-campus,Ohio State University-Main Campus,OH,204796,1,www.osu.edu/
ohio-university-main-campus,Ohio University-Main Campus,OH,204857,1,https://www.ohio.edu/
oklahoma-baptist-university,Oklahoma Baptist University,OK,207403,0,https://www.okbu.edu/
oklahoma-christian-university,Oklahoma Christian University,OK,207324,0,www.oc.edu/
oklahoma-city-university,Oklahoma City University,OK,207458,1,www.okcu.edu/
oklahoma-state-university-center-for-health-sciences,Oklahoma State University Center for Health Sciences,OK,207315,1,https://medicine.okstate.edu/
oklahoma-state-university-main-campus,Oklahoma State University-Main Campus,OK,207388,1,www.okstate.edu/
oklahoma-wesleyan-university,Oklahoma Wesleyan University,OK,206835,1,www.okwu.edu/
old-dominion-university,Old Dominion University,VA,232982,1,www.odu.edu/
olivet-nazarene-university,Olivet Nazarene University,IL,147828,1,https://www.olivet.edu/
omega-graduate-school,Omega Graduate School,TN,461120,1,www.ogs.edu/
oral-roberts-university,Oral Roberts University,OK,207582,1,https://oru.edu/
oregon-college-of-oriental-medicine,Oregon College of Oriental Medicine,OR,369659,1,ocom.edu/
oregon-health-and-science-university,Oregon Health & Science University,OR,209490,1,www.ohsu.edu/
oregon-institute-of-technology,Oregon Institute of Technology,OR,209506,1,https://www.oit.edu/
oregon-state-university,Oregon State University,OR,209542,1,https://oregonstate.edu/
oregon-state-university-cascades-campus,Oregon State University-Cascades Campus,OR,440828,1,https://osucascades.edu/
otis-college-of-art-and-design,Otis College of Art and Design,CA,120403,0,www.otis.edu/
ottawa-university-kansas-city,Ottawa University-Kansas City,KS,155636,0,www.ottawa.edu/
ottawa-university-milwaukee,Ottawa University-Milwaukee,WI,428259,0,www.ottawa.edu/
ottawa-university-online,Ottawa University-Online,KS,454582,0,www.ottawa.edu/
ottawa-university-ottawa,Ottawa University-Ottawa,KS,155627,1,www.ottawa.edu/
ottawa-university-surprise,Ottawa University-Surprise,AZ,464226,0,www.ottawa.edu/ouaz/home
otterbein-university,Otterbein University,OH,204936,1,https://www.otterbein.edu/
ouachita-baptist-university,Ouachita Baptist University,AR,107512,0,obu.edu/
our-lady-of-the-lake-university,Our Lady of the Lake University,TX,227331,1,https://www.ollusa.edu/
ozark-christian-college,Ozark Christian College,MO,178679,0,www.occ.edu/
pace-university,Pace University,NY,194310,1,www.pace.edu/
pacific-college,Pacific College,CA,422695,0,https://www.pacific-college.edu/
pacific-college-of-health-and-science,Pacific College of Health and Science,CA,378576,1,www.pacificcollege.edu/
pacific-college-of-health-and-science,Pacific College of Health and Science,NY,414595,0,www.pacificcollege.edu/
pacific-college-of-health-and-science,Pacific College of Health and Science,IL,442842,1,www.pacificcollege.edu/
pacific-lutheran-university,Pacific Lutheran University,WA,236230,1,www.plu.edu/
pacific-northwest-college-of-art,Pacific Northwest College of Art,OR,209603,0,willamette.edu/pnca/index.html
pacific-northwest-university-of-health-sciences,Pacific Northwest University of Health Sciences,WA,455406,1,https://www.pnwu.edu/
pacific-oaks-college,Pacific Oaks College,CA,120768,0,https://www.pacificoaks.edu/
pacific-rim-christian-university,Pacific Rim Christian University,HI,457484,0,https://www.pacrim.edu/#home
pacific-school-of-religion,Pacific School of Religion,CA,120795,1,www.psr.edu/
pacific-states-university,Pacific States University,CA,120838,0,www.psuca.edu/
pacific-union-college,Pacific Union College,CA,120865,0,https://www.puc.edu/
pacific-university,Pacific University,OR,209612,1,https://www.pacificu.edu/
pacifica-graduate-institute,Pacifica Graduate Institute,CA,115746,1,www.pacifica.edu/
paier-college,Paier College,CT,130110,0,www.paier.edu/
palm-beach-atlantic-university,Palm Beach Atlantic University,FL,136330,1,www.pba.edu/
palmer-college-of-chiropractic,Palmer College of Chiropractic,IA,154174,1,www.palmer.edu/
palo-alto-university,Palo Alto University,CA,120698,1,www.paloaltou.edu/
pardee-rand-graduate-school,Pardee RAND Graduate School,CA,121628,1,www.pardeerand.edu/
park-university,Park University,MO,178721,0,www.park.edu/
parker-university,Parker University,TX,243823,1,www.parker.edu/
paul-quinn-college,Paul Quinn College,TX,227429,0,www.pqc.edu/
paul-smiths-college-of-arts-and-science,Paul Smiths College of Arts and Science,NY,194392,0,https://www.paulsmiths.edu/
payne-theological-seminary,Payne Theological Seminary,OH,204990,1,payneseminary.edu/
peirce-college,Peirce College,PA,214883,0,https://www.peirce.edu/
pennsylvania-academy-of-the-fine-arts,Pennsylvania Academy of the Fine Arts,PA,214971,0,https://www.pafa.org/
pennsylvania-college-of-health-sciences,Pennsylvania College of Health Sciences,PA,442356,1,https://www.pacollege.edu/
pennsylvania-college-of-technology,Pennsylvania College of Technology,PA,366252,0,https://www.pct.edu/
pennsylvania-state-system-of-higher-education-central-office,Pennsylvania State System of Higher Education-Central Office,PA,214661,1,www.passhe.edu/
pennsylvania-state-university-main-campus,Pennsylvania State University-Main Campus,PA,214777,1,https://www.psu.edu/
pennsylvania-state-university-penn-state-abington,Pennsylvania State University-Penn State Abington,PA,214801,0,https://www.abington.psu.edu/
pennsylvania-state-university-penn-state-erie-behrend-college,Pennsylvania State University-Penn State Erie-Behrend College,PA,214591,0,https://behrend.psu.edu/
pennsylvania-state-university-penn-state-great-valley,Pennsylvania State University-Penn State Great Valley,PA,214607,0,https://greatvalley.psu.edu/
pennsylvania-state-university-penn-state-harrisburg,Pennsylvania State University-Penn State Harrisburg,PA,214713,1,https://harrisburg.psu.edu/
pennsylvania-state-university-penn-state-scranton,Pennsylvania State University-Penn State Scranton,PA,214652,0,https://scranton.psu.edu/
pennsylvania-state-university-penn-state-york,Pennsylvania State University-Penn State York,PA,214829,0,https://www.york.psu.edu/
pennsylvania-state-university-world-campus,Pennsylvania State University-World Campus,PA,479956,1,https://www.worldcampus.psu.edu/
pennsylvania-western-university,Pennsylvania Western University,PA,498571,1,https://www.pennwest.edu/
pentecostal-theological-seminary,Pentecostal Theological Seminary,TN,219842,1,www.ptseminary.edu/
pepperdine-university,Pepperdine University,CA,121150,1,www.pepperdine.edu/
peru-state-college,Peru State College,NE,181534,0,www.peru.edu/
pfeiffer-university,Pfeiffer University,NC,199306,0,www.pfeiffer.edu/
philadelphia-college-of-osteopathic-medicine,Philadelphia College of Osteopathic Medicine,PA,215123,1,www.pcom.edu/
philander-smith-university,Philander Smith University,AR,107600,0,https://www.philander.edu/
phillips-theological-seminary,Phillips Theological Seminary,OK,414966,1,https://www.ptstulsa.edu/
phoenix-institute-of-herbal-medicine-and-acupuncture,Phoenix Institute of Herbal Medicine & Acupuncture,AZ,447698,1,www.pihma.edu/
phoenix-seminary,Phoenix Seminary,AZ,381459,1,www.ps.edu/
piedmont-university,Piedmont University,GA,140818,1,https://www.piedmont.edu/
pillar-college,Pillar College,NJ,440794,0,www.pillar.edu/
pima-medical-institute-tucson,Pima Medical Institute-Tucson,AZ,105534,0,https://pmi.edu/
pittsburg-state-university,Pittsburg State University,KS,155681,1,https://www.pittstate.edu/
pittsburgh-theological-seminary,Pittsburgh Theological Seminary,PA,215424,1,https://www.pts.edu/
plymouth-state-university,Plymouth State University,NH,183080,1,www.plymouth.edu/
point-loma-nazarene-university,Point Loma Nazarene University,CA,121309,1,www.pointloma.edu/
point-park-university,Point Park University,PA,215442,1,www.pointpark.edu/
point-university,Point University,GA,138868,0,point.edu/
polytechnic-university-of-puerto-rico-miami,Polytechnic University of Puerto Rico-Miami,FL,456481,0,www.pupr.edu/miami/
polytechnic-university-of-puerto-rico-orlando,Polytechnic University of Puerto Rico-Orlando,FL,456490,0,www.pupr.edu/orlando
ponce-health-sciences-university,Ponce Health Sciences University,PR,243081,1,https://www.psm.edu/
ponce-health-sciences-university-centro-universitario-de-san-juan,Ponce Health Sciences University-Centro Universitario de San Juan,PR,492704,1,https://www.psm.edu/
ponce-health-sciences-university-east,Ponce Health Sciences University-East,PR,494807,1,https://www.psm.edu/
ponce-health-sciences-university-st-louis,Ponce Health Sciences University-St Louis,MO,494010,1,stlouis.psm.edu/#
pontifex-university,Pontifex University,GA,498289,1,https://www.pontifex.university/
pontifical-catholic-university-of-puerto-rico-arecibo,Pontifical Catholic University of Puerto Rico-Arecibo,PR,241395,1,www.pucpr.edu/arecibo
pontifical-catholic-university-of-puerto-rico-mayaguez,Pontifical Catholic University of Puerto Rico-Mayaguez,PR,243586,0,https://mayaguez.pucpr.edu/
pontifical-catholic-university-of-puerto-rico-ponce,Pontifical Catholic University of Puerto Rico-Ponce,PR,241410,1,https://www.pucpr.edu/
pontifical-college-josephinum,Pontifical College Josephinum,OH,205027,0,www.pcj.edu/
pontifical-faculty-of-the-immaculate-conception-at-the-dominican-house-of-studies,Pontifical Faculty of the Immaculate Conception at the Dominican House of Studies,DC,131405,0,www.dhs.edu/
pontifical-john-paul-ii-institute-for-studies-on-marriage-and-family,Pontifical John Paul II Institute for Studies on Marriage and Family,DC,455813,1,www.johnpaulii.edu/
pope-st-john-xxiii-national-seminary,Pope St John XXIII National Seminary,MA,167464,0,www.psjs.edu/
portland-state-university,Portland State University,OR,209807,1,www.pdx.edu/
post-university,Post University,CT,130183,1,www.post.edu/
prairie-view-a-and-m-university,Prairie View A & M University,TX,227526,1,www.pvamu.edu/
pratt-institute-main,Pratt Institute-Main,NY,194578,0,https://www.pratt.edu/
presbyterian-college,Presbyterian College,SC,218539,1,https://www.presby.edu/
presbyterian-theological-seminary-in-america,Presbyterian Theological Seminary in America,CA,490045,1,ch.ptsa.edu/en
prescott-college,Prescott College,AZ,105589,1,https://prescott.edu/
presentation-college,Presentation College,SD,219295,0,
presidio-graduate-school,Presidio Graduate School,CA,486433,0,www.presidio.edu/
princeton-theological-seminary,Princeton Theological Seminary,NJ,186122,1,www.ptsem.edu/
princeton-university,Princeton University,NJ,186131,1,www.princeton.edu/
professional-university-dr-carlos-j-borrero-rios,Professional University Dr. Carlos J. Borrero Rios,PR,493673,1,https://upcjbr.university/
providence-college,Providence College,RI,217402,0,www.providence.edu/
provo-college-idaho-falls-campus,Provo College-Idaho Falls Campus,ID,496283,0,https://www.eaglegatecollege.edu/
puerto-rico-conservatory-of-music,Puerto Rico Conservatory of Music,PR,241766,0,cmpr.edu/
purdue-university-fort-wayne,Purdue University Fort Wayne,IN,151102,0,www.pfw.edu/
purdue-university-global,Purdue University Global,IN,489779,1,https://www.purdueglobal.edu/
purdue-university-northwest,Purdue University Northwest,IN,490805,1,www.pnw.edu/
purdue-university-main-campus,Purdue University-Main Campus,IN,243780,1,https://www.purdue.edu/
queens-university-of-charlotte,Queens University of Charlotte,NC,199412,0,www.queens.edu/
quincy-university,Quincy University,IL,148131,0,https://www.quincy.edu/
quinnipiac-university,Quinnipiac University,CT,130226,1,www.qu.edu/
rabbinical-academy-mesivta-rabbi-chaim-berlin,Rabbinical Academy Mesivta Rabbi Chaim Berlin,NY,194657,1,https://rabbinicalacademyrabbichaimberlin.com/
rabbinical-college-bobover-yeshiva-bnei-zion,Rabbinical College Bobover Yeshiva Bnei Zion,NY,194666,0,rabbinicalcollegeboboveryeshiva.edu/
rabbinical-college-of-america,Rabbinical College of America,NJ,186186,0,www.rca.edu/
rabbinical-college-telshe,Rabbinical College Telshe,OH,205124,1,independentrabbinicalcolleges.org/index.html
rabbinical-seminary-of-america,Rabbinical Seminary of America,NY,194763,1,www.rabbinical.org/
radford-university,Radford University,VA,233277,1,https://www.radford.edu/
ramapo-college-of-new-jersey,Ramapo College of New Jersey,NJ,186201,1,www.ramapo.edu/
randall-university,Randall University,OK,207157,0,www.ru.edu/
randolph-college,Randolph College,VA,233301,0,www.randolphcollege.edu/
randolph-macon-college,Randolph-Macon College,VA,233295,0,https://www.rmc.edu/
rasmussen-university-minnesota,Rasmussen University-Minnesota,MN,175014,1,https://rasmussen.edu/
reach-university,Reach University,CA,497480,0,https://www.reach.edu/
reconstructionist-rabbinical-college,Reconstructionist Rabbinical College,PA,215619,0,www.rrc.edu/
red-rocks-community-college,Red Rocks Community College,CO,127909,0,www.rrcc.edu/
redeemers-university-north-america,Redeemers University North America,TX,497462,1,https://www.rccgnaseminary.org/
reed-college,Reed College,OR,209922,0,https://www.reed.edu/
reformed-university,Reformed University,GA,490230,0,runiv.edu/
regent-university,Regent University,VA,231651,1,https://www.regent.edu/
regis-college,Regis College,MA,167598,1,www.regiscollege.edu/
regis-university,Regis University,CO,127918,1,https://www.regis.edu/
reinhardt-university,Reinhardt University,GA,140872,0,www.reinhardt.edu/
reiss-davis-graduate-school,Reiss-Davis Graduate School,CA,492209,1,https://www.reissdavis.edu/
relay-graduate-school-of-education,Relay Graduate School of Education,NY,475033,0,www.relay.edu/
rensselaer-at-hartford,Rensselaer at Hartford,CT,129428,0,ewp.rpi.edu/index.html
rensselaer-polytechnic-institute,Rensselaer Polytechnic Institute,NY,194824,1,www.rpi.edu/
research-college-of-nursing,Research College of Nursing,MO,178989,0,researchcollege.edu/
rhode-island-college,Rhode Island College,RI,217420,1,www.ric.edu/
rhode-island-school-of-design,Rhode Island School of Design,RI,217493,0,www.risd.edu/
rhodes-college,Rhodes College,TN,221351,0,www.rhodes.edu/
rice-university,Rice University,TX,227757,1,www.rice.edu/
richmont-graduate-university,Richmont Graduate University,TN,441104,1,www.richmont.edu/
rider-university,Rider University,NJ,186283,1,www.rider.edu/
ripon-college,Ripon College,WI,239628,0,www.ripon.edu/
rivier-university,Rivier University,NH,183211,1,www.rivier.edu/
roanoke-college,Roanoke College,VA,233426,0,https://www.roanoke.edu/
robert-morris-university,Robert Morris University,PA,215655,1,www.rmu.edu/
roberts-wesleyan-university,Roberts Wesleyan University,NY,194958,1,www.roberts.edu/
rochester-institute-of-technology,Rochester Institute of Technology,NY,195003,1,www.rit.edu/
rochester-university,Rochester University,MI,170967,0,rochesteru.edu/
rockford-university,Rockford University,IL,148405,0,www.rockford.edu/
rockhurst-university,Rockhurst University,MO,179043,1,https://www.rockhurst.edu/
rocky-mountain-college,Rocky Mountain College,MT,180595,1,https://www.rocky.edu/
rocky-mountain-college-of-art-and-design,Rocky Mountain College of Art and Design,CO,127945,0,www.rmcad.edu/
rocky-mountain-university-of-health-professions,Rocky Mountain University of Health Professions,UT,475495,1,https://rm.edu/
rocky-vista-university,Rocky Vista University,CO,480790,1,www.rvu.edu/
roger-williams-university,Roger Williams University,RI,217518,0,https://www.rwu.edu/
roger-williams-university-school-of-law,Roger Williams University School of Law,RI,409616,1,law.rwu.edu/
rogers-state-university,Rogers State University,OK,207661,0,https://www.rsu.edu/
rollins-college,Rollins College,FL,136950,1,www.rollins.edu/
roosevelt-university,Roosevelt University,IL,148487,1,www.roosevelt.edu/
rosalind-franklin-university-of-medicine-and-science,Rosalind Franklin University of Medicine and Science,IL,145558,1,www.rosalindfranklin.edu/
rose-hulman-institute-of-technology,Rose-Hulman Institute of Technology,IN,152318,0,https://www.rose-hulman.edu/
roseman-university-of-health-sciences,Roseman University of Health Sciences,NV,445735,1,www.roseman.edu/
rosemont-college,Rosemont College,PA,215691,0,www.rosemont.edu/
rowan-university,Rowan University,NJ,184782,1,https://www.rowan.edu/
rush-university,Rush University,IL,148511,1,www.rushu.rush.edu/
russell-sage-college,Russell Sage College,NY,195128,1,sage.edu/
rutgers-university-camden,Rutgers University-Camden,NJ,186371,1,https://camden.rutgers.edu/
rutgers-university-new-brunswick,Rutgers University-New Brunswick,NJ,186380,1,https://newbrunswick.rutgers.edu/
rutgers-university-newark,Rutgers University-Newark,NJ,186399,1,https://www.newark.rutgers.edu/
sacred-heart-major-seminary,Sacred Heart Major Seminary,MI,172033,0,www.shms.edu/
sacred-heart-seminary-and-school-of-theology,Sacred Heart Seminary and School of Theology,WI,239637,0,www.shsst.edu/
sacred-heart-university,Sacred Heart University,CT,130253,1,https://www.sacredheart.edu/
saginaw-valley-state-university,Saginaw Valley State University,MI,172051,1,www.svsu.edu/
saint-ambrose-university,Saint Ambrose University,IA,154235,1,www.sau.edu/
saint-anselm-college,Saint Anselm College,NH,183239,0,https://www.anselm.edu/
saint-anthony-college-of-nursing,Saint Anthony College of Nursing,IL,149028,1,https://www.sacn.edu/
saint-augustine-s-university,Saint Augustine's University,NC,199582,0,www.st-aug.edu/
saint-charles-borromeo-seminary-overbrook,Saint Charles Borromeo Seminary-Overbrook,PA,216047,0,www.scs.edu/
saint-cloud-state-university,Saint Cloud State University,MN,174783,1,https://www.stcloudstate.edu/
saint-edward-s-university,Saint Edward's University,TX,227845,1,https://www.stedwards.edu/
saint-elizabeth-university,Saint Elizabeth University,NJ,186618,1,www.steu.edu/
saint-francis-medical-center-college-of-nursing,Saint Francis Medical Center College of Nursing,IL,148575,1,www.sfmccon.edu/
saint-francis-university,Saint Francis University,PA,215743,1,www.francis.edu/
saint-john-s-seminary,Saint John's Seminary,MA,167677,0,www.sjs.edu/
saint-johns-university,Saint Johns University,MN,174792,0,https://csbsju.edu/
saint-joseph-s-college-of-maine,Saint Joseph's College of Maine,ME,161518,0,www.sjcme.edu/
saint-joseph-s-university,Saint Joseph's University,PA,215770,1,https://www.sju.edu/
saint-leo-university,Saint Leo University,FL,137032,1,www.saintleo.edu/
saint-louis-university,Saint Louis University,MO,179159,1,www.slu.edu/
saint-martin-s-university,Saint Martin's University,WA,236452,1,https://www.stmartin.edu/
saint-mary-s-college,Saint Mary's College,IN,152390,1,https://www.saintmarys.edu/
saint-mary-s-college-of-california,Saint Mary's College of California,CA,123554,1,https://www.stmarys-ca.edu/
saint-mary-s-university-of-minnesota,Saint Mary's University of Minnesota,MN,174817,1,www.smumn.edu/
saint-mary-of-the-woods-college,Saint Mary-of-the-Woods College,IN,152381,1,www.smwc.edu/
saint-meinrad-school-of-theology,Saint Meinrad School of Theology,IN,152451,0,https://www.saintmeinrad.edu/
saint-michael-s-college,Saint Michael's College,VT,231059,0,www.smcvt.edu/
saint-norbert-college,Saint Norbert College,WI,239716,0,www.snc.edu/
saint-paul-school-of-theology,Saint Paul School of Theology,KS,179317,1,www.spst.edu/
saint-peter-s-university,Saint Peter's University,NJ,186432,1,www.saintpeters.edu/
saint-vincent-college,Saint Vincent College,PA,215798,1,https://www.stvincent.edu/
saint-vincent-de-paul-regional-seminary,Saint Vincent de Paul Regional Seminary,FL,136701,0,www.svdp.edu/
saint-vincent-seminary,Saint Vincent Seminary,PA,215813,0,https://www.saintvincentseminary.edu/
saint-vladimirs-orthodox-theological-seminary,Saint Vladimirs Orthodox Theological Seminary,NY,195580,1,www.svots.edu/
saint-xavier-university,Saint Xavier University,IL,148627,0,https://www.sxu.edu/
salem-college,Salem College,NC,199607,0,www.salem.edu/
salem-state-university,Salem State University,MA,167729,0,www.salemstate.edu/
salem-university,Salem University,WV,237783,1,https://www.salemu.edu/
salisbury-university,Salisbury University,MD,163851,1,https://www.salisbury.edu/
salish-kootenai-college,Salish Kootenai College,MT,180647,0,www.skc.edu/
salus-university,Salus University,PA,214564,1,https://www.salus.edu/
salve-regina-university,Salve Regina University,RI,217536,1,www.salve.edu/
sam-houston-state-university,Sam Houston State University,TX,227881,1,www.shsu.edu/
samford-university,Samford University,AL,102049,1,www.samford.edu/
samuel-merritt-university,Samuel Merritt University,CA,122296,1,www.samuelmerritt.edu/
san-diego-christian-college,San Diego Christian College,CA,112084,0,sdcc.edu/
san-diego-global-knowledge-university,San Diego Global Knowledge University,CA,493512,0,https://sdgku.edu/
san-diego-state-university,San Diego State University,CA,122409,1,www.sdsu.edu/
san-francisco-bay-university,San Francisco Bay University,CA,120166,0,https://www.sfbu.edu/
san-francisco-conservatory-of-music,San Francisco Conservatory of Music,CA,122506,0,https://sfcm.edu/
san-francisco-state-university,San Francisco State University,CA,122597,1,www.sfsu.edu/
san-ignacio-university,San Ignacio University,FL,486239,0,www.sanignaciouniversity.edu/
san-joaquin-college-of-law,San Joaquin College of Law,CA,122649,1,www.sjcl.edu/
san-jose-state-university,San Jose State University,CA,122755,1,www.sjsu.edu/
san-juan-bautista-school-of-medicine,San Juan Bautista School of Medicine,PR,430670,1,www.sanjuanbautista.edu/
sanford-burnham-prebys-medical-discovery-institute,Sanford Burnham Prebys Medical Discovery Institute,CA,481535,1,https://www.sbpdiscovery.org/education/graduate-school
sans-technology-institute,SANS Technology Institute,MD,493895,0,www.sans.edu/
santa-clara-university,Santa Clara University,CA,122931,1,www.scu.edu/
sarah-lawrence-college,Sarah Lawrence College,NY,195304,0,www.sarahlawrence.edu/
savannah-college-of-art-and-design,Savannah College of Art and Design,GA,140951,0,www.scad.edu/
savannah-state-university,Savannah State University,GA,140960,0,www.savannahstate.edu/
saybrook-university,Saybrook University,CA,123095,1,https://www.saybrook.edu/
schiller-international-university,Schiller International University,FL,404338,0,www.schiller.edu/
school-of-the-art-institute-of-chicago,School of the Art Institute of Chicago,IL,143048,0,www.saic.edu/
school-of-visual-arts,School of Visual Arts,NY,197151,0,www.sva.edu/
schreiner-university,Schreiner University,TX,228042,0,www.schreiner.edu/
seattle-film-institute,Seattle Film Institute,WA,488448,0,https://www.sfi.edu/#fronttable
seattle-institute-of-east-asian-medicine,Seattle Institute of East Asian Medicine,WA,439914,1,www.sieam.edu/
seattle-pacific-university,Seattle Pacific University,WA,236577,1,https://spu.edu/
seattle-university,Seattle University,WA,236595,1,www.seattleu.edu/
selma-university,Selma University,AL,102058,0,https://selmau.edu/
seminario-evangelico-de-puerto-rico,Seminario Evangelico de Puerto Rico,PR,243498,1,www.se-pr.edu/
sentara-college-of-health-sciences,Sentara College of Health Sciences,VA,232885,0,www.sentara.edu/
seton-hall-university,Seton Hall University,NJ,186584,1,https://www.shu.edu/
seton-hill-university,Seton Hill University,PA,215947,1,www.setonhill.edu/
sh-or-yoshuv-rabbinical-college,Sh'or Yoshuv Rabbinical College,NY,195438,0,https://www.shoryoshuv.org/
shasta-bible-college-and-graduate-school,Shasta Bible College and Graduate School,CA,123280,0,www.shasta.edu/
shaw-university,Shaw University,NC,199643,0,www.shawu.edu/
shawnee-state-university,Shawnee State University,OH,205443,1,https://www.shawnee.edu/
shenandoah-university,Shenandoah University,VA,233541,1,www.su.edu/
shepherd-university,Shepherd University,WV,237792,1,www.shepherd.edu/
shepherds-theological-seminary,Shepherds Theological Seminary,NC,461485,1,shepherds.edu/
sherman-college-of-chiropractic,Sherman College of Chiropractic,SC,218751,1,https://www.sherman.edu/
shippensburg-university-of-pennsylvania,Shippensburg University of Pennsylvania,PA,216010,1,www.ship.edu/
shorter-university,Shorter University,GA,140988,0,https://www.shorter.edu/
siena-college,Siena College,NY,195474,0,https://www.siena.edu/
siena-heights-university,Siena Heights University,MI,172264,0,https://www.sienaheights.edu/
simmons-college-of-kentucky,Simmons College of Kentucky,KY,461759,0,https://simmonscollegeky.edu/
simmons-university,Simmons University,MA,167783,1,www.simmons.edu/
simpson-college,Simpson College,IA,154350,0,simpson.edu/
simpson-university,Simpson University,CA,123457,0,www.simpsonu.edu/
sinte-gleska-university,Sinte Gleska University,SD,219374,0,www.sintegleska.edu/
sistema-universitario-ana-g-mendez,Sistema Universitario Ana G. Mendez,PR,242060,1,www.uagm.edu/
sit-graduate-institute,SIT Graduate Institute,VT,231068,1,https://www.sit.edu/
sitting-bull-college,Sitting Bull College,ND,200466,0,https://www.sittingbull.edu/
slippery-rock-university-of-pennsylvania,Slippery Rock University of Pennsylvania,PA,216038,1,https://www.sru.edu/
smith-college,Smith College,MA,167835,1,www.smith.edu/
sofia-university,Sofia University,CA,110778,1,www.sofia.edu/
soka-university-of-america,Soka University of America,CA,399911,0,www.soka.edu/
sonoma-state-university,Sonoma State University,CA,123572,0,https://sonoma.edu/
sonoran-university-of-health-sciences,Sonoran University of Health Sciences,AZ,420246,1,www.sonoran.edu/
sotheby-s-institute-of-art-ny,Sotheby's Institute of Art-NY,NY,481094,0,www.sothebysinstitute.com/Programmes/PNewyork.aspx
south-baylo-university,South Baylo University,CA,123633,1,www.southbaylo.edu/
south-carolina-state-university,South Carolina State University,SC,218733,1,https://scsu.edu/
south-college,South College,TN,220552,1,www.south.edu/
south-dakota-school-of-mines-and-technology,South Dakota School of Mines and Technology,SD,219347,1,https://www.sdsmt.edu/
south-dakota-state-university,South Dakota State University,SD,219356,1,https://www.sdstate.edu/
south-florida-bible-college-and-theological-seminary,South Florida Bible College and Theological Seminary,FL,366003,1,https://www.sfbc.edu/
south-texas-college-of-law-houston,South Texas College of Law Houston,TX,228194,1,www.stcl.edu/
south-university-austin,South University-Austin,TX,480073,0,"www.southuniversity.edu/austin#location=Austin, TX"
south-university-columbia,South University-Columbia,SC,251312,0,"www.southuniversity.edu/columbia#location=Columbia, SC"
south-university-high-point,South University-High Point,NC,481720,0,"www.southuniversity.edu/high-point#location=High Point, NC"
south-university-montgomery,South University-Montgomery,AL,101116,1,www.southuniversity.edu/
south-university-richmond,South University-Richmond,VA,459259,1,"www.southuniversity.edu/richmond#location=Richmond, VA"
south-university-savannah,South University-Savannah,GA,139579,1,"www.southuniversity.edu/savannah#location=Savannah, GA"
south-university-savannah-online,South University-Savannah Online,GA,475121,1,www.southuniversity.edu/online#location=Online Programs
south-university-tampa,South University-Tampa,FL,449898,1,"www.southuniversity.edu/tampa#location=Tampa, FL"
south-university-virginia-beach,South University-Virginia Beach,VA,459268,0,"www.southuniversity.edu/virginia-beach#location=Virginia Beach, VA"
south-university-west-palm-beach,South University-West Palm Beach,FL,133465,0,"www.southuniversity.edu/west-palm-beach#location=West Palm Beach, FL"
southeast-missouri-state-university,Southeast Missouri State University,MO,179557,0,https://www.semo.edu/
southeastern-baptist-theological-seminary,Southeastern Baptist Theological Seminary,NC,199759,1,www.sebts.edu/
southeastern-louisiana-university,Southeastern Louisiana University,LA,160612,1,www.southeastern.edu/
southeastern-oklahoma-state-university,Southeastern Oklahoma State University,OK,207847,0,www.se.edu/
southeastern-university,Southeastern University,FL,137564,1,https://www.seu.edu/
southern-adventist-university,Southern Adventist University,TN,221661,1,www.southern.edu/
southern-arkansas-university-main-campus,Southern Arkansas University Main Campus,AR,107983,1,https://www.saumag.edu/
southern-california-institute-of-architecture,Southern California Institute of Architecture,CA,123952,0,www.sciarc.edu/
southern-california-seminary,Southern California Seminary,CA,117575,1,www.socalsem.edu/
southern-california-university-of-health-sciences,Southern California University of Health Sciences,CA,117672,1,https://www.scuhs.edu/
southern-college-of-optometry,Southern College of Optometry,TN,221670,1,https://www.sco.edu/
southern-connecticut-state-university,Southern Connecticut State University,CT,130493,1,www.southernct.edu/
southern-illinois-university-carbondale,Southern Illinois University-Carbondale,IL,149222,1,https://siu.edu/
southern-illinois-university-edwardsville,Southern Illinois University-Edwardsville,IL,149231,1,www.siue.edu/
southern-illinois-university-system-office,Southern Illinois University-System Office,IL,149240,1,https://siusystem.edu/
southern-methodist-university,Southern Methodist University,TX,228246,1,https://www.smu.edu/
southern-nazarene-university,Southern Nazarene University,OK,206862,1,https://www.snu.edu/
southern-new-hampshire-university,Southern New Hampshire University,NH,183026,1,www.snhu.edu/
southern-oregon-university,Southern Oregon University,OR,210146,0,www.sou.edu/
southern-university-and-a-and-m-college,Southern University and A & M College,LA,160621,1,www.subr.edu/
southern-university-at-new-orleans,Southern University at New Orleans,LA,160630,0,www.suno.edu/
southern-university-law-center,Southern University Law Center,LA,440916,1,www.sulc.edu/
southern-university-board-and-system,Southern University-Board and System,LA,160533,1,www.sus.edu/
southern-utah-university,Southern Utah University,UT,230603,1,https://www.suu.edu/
southern-wesleyan-university,Southern Wesleyan University,SC,217776,1,www.swu.edu/
southwest-acupuncture-college-boulder,Southwest Acupuncture College-Boulder,CO,436261,0,
southwest-acupuncture-college-santa-fe,Southwest Acupuncture College-Santa Fe,NM,366605,0,
southwest-baptist-university,Southwest Baptist University,MO,179326,1,www.sbuniv.edu/
southwest-minnesota-state-university,Southwest Minnesota State University,MN,175078,0,www.smsu.edu/
southwest-university-at-el-paso,Southwest University at El Paso,TX,451556,0,southwestuniversity.edu/
southwestern-adventist-university,Southwestern Adventist University,TX,228468,0,www.swau.edu/
southwestern-assemblies-of-god-university,Southwestern Assemblies of God University,TX,228325,1,www.sagu.edu/
southwestern-christian-university,Southwestern Christian University,OK,207856,0,www.swcu.edu/
southwestern-college,Southwestern College,KS,155900,1,https://www.sckans.edu/
southwestern-college,Southwestern College,NM,188207,1,www.swc.edu/
southwestern-law-school,Southwestern Law School,CA,123970,1,https://www.swlaw.edu/
southwestern-oklahoma-state-university,Southwestern Oklahoma State University,OK,207865,1,https://www.swosu.edu/
spalding-university,Spalding University,KY,157757,1,https://www.spalding.edu/
spertus-college,Spertus College,IL,148982,1,www.spertus.edu/
spring-arbor-university,Spring Arbor University,MI,172334,1,https://www.arbor.edu/
spring-hill-college,Spring Hill College,AL,102234,0,https://www.shc.edu/
springfield-college,Springfield College,MA,167899,1,www.springfield.edu/
springfield-college-regional-online-and-continuing-education,"Springfield College-Regional, Online, and Continuing Education",MA,475273,0,https://springfield.edu/regional-and-online
st-bernard-s-school-of-theology-and-ministry,St Bernard's School of Theology and Ministry,NY,195155,0,www.stbernards.edu/
st-bonaventure-university,St Bonaventure University,NY,195164,0,https://www.sbu.edu/
st-catherine-university,St Catherine University,MN,175005,1,https://www.stkate.edu/
st-lawrence-university,St Lawrence University,NY,195216,0,www.stlawu.edu/
st-louis-college-of-health-careers-fenton,St Louis College of Health Careers-Fenton,MO,442426,0,www.slchc.edu/
st-andrews-university,St. Andrews University,NC,199698,0,www.sa.edu/
st-francis-college,St. Francis College,NY,195173,0,https://www.sfc.edu/
st-john-fisher-university,St. John Fisher University,NY,195720,1,https://www.sjf.edu/
st-john-vianney-college-seminary,St. John Vianney College Seminary,FL,137272,0,www.sjvcs.edu/
st-john-s-college,St. John's College,MD,163976,0,www.sjc.edu/
st-john-s-college,St. John's College,NM,245652,0,www.sjc.edu/
st-john-s-college-department-of-nursing,St. John's College-Department of Nursing,IL,148593,1,https://www.hshs.org/stjohnscollege/
st-john-s-university-new-york,St. John's University-New York,NY,195809,1,www.stjohns.edu/
st-joseph-s-university-new-york,St. Joseph's University-New York,NY,195544,0,www.sjny.edu/
st-mary-s-college-of-maryland,St. Mary's College of Maryland,MD,163912,0,https://www.smcm.edu/
st-mary-s-university,St. Mary's University,TX,228149,1,www.stmarytx.edu/
st-thomas-aquinas-college,St. Thomas Aquinas College,NY,195243,0,www.stac.edu/
st-thomas-university,St. Thomas University,FL,137476,1,www.stu.edu/
stanbridge-university,Stanbridge University,CA,446561,0,www.stanbridge.edu/
stanford-university,Stanford University,CA,243744,1,www.stanford.edu/
starr-king-school-for-the-ministry,Starr King School for the Ministry,CA,123916,0,https://www.sksm.edu/
state-university-of-new-york-at-cortland,State University of New York at Cortland,NY,196149,0,www2.cortland.edu/
state-university-of-new-york-at-new-paltz,State University of New York at New Paltz,NY,196176,0,www.newpaltz.edu/
state-university-of-new-york-at-oswego,State University of New York at Oswego,NY,196194,0,https://www.oswego.edu/
stephen-f-austin-state-university,Stephen F Austin State University,TX,228431,1,https://www.sfasu.edu/
stephens-college,Stephens College,MO,179548,0,https://www.stephens.edu/
sterling-college,Sterling College,KS,155937,0,www.sterling.edu/
stetson-university,Stetson University,FL,137546,1,https://www.stetson.edu/
stevens-institute-of-technology,Stevens Institute of Technology,NJ,186867,1,www.stevens.edu/
stevenson-university,Stevenson University,MD,164173,1,www.stevenson.edu/
stockton-university,Stockton University,NJ,186876,1,https://www.stockton.edu/
stonehill-college,Stonehill College,MA,167996,0,https://www.stonehill.edu/
stony-brook-university,Stony Brook University,NY,196097,1,https://www.stonybrook.edu/
strayer-university-alabama,Strayer University-Alabama,AL,450377,0,www.strayer.edu/campus-locations/alabama/birmingham
strayer-university-arkansas,Strayer University-Arkansas,AR,458885,0,www.strayer.edu/campus-locations/arkansas/little-rock
strayer-university-delaware,Strayer University-Delaware,DE,450298,0,www.strayer.edu/campus-locations/delaware/wilmington
strayer-university-district-of-columbia,Strayer University-District of Columbia,DC,131803,0,www.strayer.edu/campus-locations/district-columbia/washington
strayer-university-florida,Strayer University-Florida,FL,449038,0,www.strayer.edu/campus-locations/florida/tampa-east
strayer-university-georgia,Strayer University-Georgia,GA,458919,0,www.strayer.edu/campus-locations/georgia/chamblee
strayer-university-global-region,Strayer University-Global Region,DC,459994,0,www.strayer.edu/
strayer-university-maryland,Strayer University-Maryland,MD,430184,0,www.strayer.edu/campus-locations/maryland/prince-georges
strayer-university-mississippi,Strayer University-Mississippi,MS,458955,0,www.strayer.edu/campus-locations/mississippi/jackson
strayer-university-new-jersey,Strayer University-New Jersey,NJ,453215,0,www.strayer.edu/campus-locations/new-jersey/piscataway
strayer-university-north-carolina,Strayer University-North Carolina,NC,453163,0,www.strayer.edu/campus-locations/north-carolina/greensboro
strayer-university-pennsylvania,Strayer University-Pennsylvania,PA,443784,0,https://www.strayer.edu/campus-locations/pennsylvania/lower-bucks-county
strayer-university-south-carolina,Strayer University-South Carolina,SC,458964,0,www.strayer.edu/campus-locations/south-carolina/greenville
strayer-university-tennessee,Strayer University-Tennessee,TN,443766,0,www.strayer.edu/campus-locations/tennessee/thousand-oaks
strayer-university-texas,Strayer University-Texas,TX,458973,0,www.strayer.edu/campus-locations
strayer-university-virginia,Strayer University-Virginia,VA,233684,0,www.strayer.edu/campus-locations/virginia/arlington
strayer-university-west-virginia,Strayer University-West Virginia,WV,456621,0,www.strayer.edu/campus-locations/west-virginia/teays-valley
suffolk-university,Suffolk University,MA,168005,1,https://www.suffolk.edu/
sul-ross-state-university,Sul Ross State University,TX,228501,0,www.sulross.edu/
sullivan-university,Sullivan University,KY,157793,1,www.sullivan.edu/
sum-bible-college-and-theological-seminary,SUM Bible College and Theological Seminary,CA,447953,0,www.sum.edu/
suny-at-fredonia,SUNY at Fredonia,NY,196158,0,https://www.fredonia.edu/
suny-at-purchase-college,SUNY at Purchase College,NY,196219,0,www.purchase.edu/
suny-brockport,SUNY Brockport,NY,196121,1,https://www.brockport.edu/
suny-buffalo-state-university,SUNY Buffalo State University,NY,196130,0,https://suny.buffalostate.edu/
suny-college-at-geneseo,SUNY College at Geneseo,NY,196167,0,https://www.geneseo.edu/
suny-college-at-plattsburgh,SUNY College at Plattsburgh,NY,196246,0,https://www.plattsburgh.edu/
suny-college-at-potsdam,SUNY College at Potsdam,NY,196200,0,www.potsdam.edu/
suny-college-of-environmental-science-and-forestry,SUNY College of Environmental Science and Forestry,NY,196103,1,www.esf.edu/
suny-college-of-optometry,SUNY College of Optometry,NY,196228,1,www.sunyopt.edu/
suny-college-of-technology-at-delhi,SUNY College of Technology at Delhi,NY,196024,0,www.delhi.edu/
suny-downstate-health-sciences-university,SUNY Downstate Health Sciences University,NY,196255,1,https://www.downstate.edu/
suny-maritime-college,SUNY Maritime College,NY,196291,0,www.sunymaritime.edu/
suny-morrisville,SUNY Morrisville,NY,196051,0,www.morrisville.edu/
suny-old-westbury,SUNY Old Westbury,NY,196237,0,www.oldwestbury.edu/
suny-oneonta,SUNY Oneonta,NY,196185,0,https://suny.oneonta.edu/
suny-polytechnic-institute,SUNY Polytechnic Institute,NY,196112,1,www.sunypoly.edu/
suny-system-office,SUNY-System Office,NY,195827,1,https://www.suny.edu/
susquehanna-university,Susquehanna University,PA,216278,0,www.susqu.edu/
sweet-briar-college,Sweet Briar College,VA,233718,0,www.sbc.edu/
syracuse-university,Syracuse University,NY,196413,1,https://www.syracuse.edu/
tabor-college,Tabor College,KS,155973,0,tabor.edu/
taft-university-system,Taft University System,CO,454689,1,www.taftu.edu/
talladega-college,Talladega College,AL,102298,0,www.talladega.edu/
talmudic-college-of-florida,Talmudic College of Florida,FL,137777,0,www.talmudicu.edu/
talmudical-institute-of-upstate-new-york,Talmudical Institute of Upstate New York,NY,196440,0,https://www.tiuny.org/
tarleton-state-university,Tarleton State University,TX,228529,1,www.tarleton.edu/
taylor-university,Taylor University,IN,152530,0,https://www.taylor.edu/
teachers-college-at-columbia-university,Teachers College at Columbia University,NY,196468,1,www.tc.columbia.edu/
teachers-college-of-san-joaquin,Teachers College of San Joaquin,CA,488800,0,www.teacherscollegesj.edu/
telshe-yeshiva-chicago,Telshe Yeshiva-Chicago,IL,149329,0,https://telsheyeshivachicago.com/
temple-university,Temple University,PA,216339,1,www.temple.edu/
tennessee-state-university,Tennessee State University,TN,221838,1,www.tnstate.edu/
tennessee-technological-university,Tennessee Technological University,TN,221847,1,www.tntech.edu/
tennessee-wesleyan-university,Tennessee Wesleyan University,TN,221731,0,www.tnwesleyan.edu/
texas-a-and-m-international-university,Texas A & M International University,TX,226152,1,www.tamiu.edu/
texas-a-and-m-university-college-station,Texas A & M University-College Station,TX,228723,1,https://www.tamu.edu/
texas-a-and-m-university-commerce,Texas A & M University-Commerce,TX,224554,1,www.tamuc.edu/
texas-a-and-m-university-corpus-christi,Texas A & M University-Corpus Christi,TX,224147,1,https://www.tamucc.edu/
texas-a-and-m-university-kingsville,Texas A & M University-Kingsville,TX,228705,1,https://www.tamuk.edu/
texas-a-and-m-university-system-office,Texas A & M University-System Office,TX,228732,1,tamus.edu/
texas-a-and-m-university-central-texas,Texas A&M University-Central Texas,TX,483036,0,tamuct.edu/
texas-a-and-m-university-san-antonio,Texas A&M University-San Antonio,TX,459949,0,www.tamusa.edu/
texas-a-and-m-university-texarkana,Texas A&M University-Texarkana,TX,224545,1,www.tamut.edu/
texas-chiropractic-college-foundation-inc,Texas Chiropractic College Foundation Inc,TX,228866,1,www.txchiro.edu/
texas-christian-university,Texas Christian University,TX,228875,1,https://www.tcu.edu/
texas-health-and-science-university,Texas Health and Science University,TX,430704,0,https://thsu.edu/
texas-lutheran-university,Texas Lutheran University,TX,228981,1,www.tlu.edu/
texas-southern-university,Texas Southern University,TX,229063,1,www.tsu.edu/
texas-state-university,Texas State University,TX,228459,1,https://www.txst.edu/
texas-tech-university,Texas Tech University,TX,229115,1,www.ttu.edu/
texas-tech-university-health-sciences-center,Texas Tech University Health Sciences Center,TX,229337,1,https://www.ttuhsc.edu/
texas-tech-university-health-sciences-center-el-paso,Texas Tech University Health Sciences Center-El Paso,TX,492689,1,elpaso.ttuhsc.edu/
texas-tech-university-system-administration,Texas Tech University System Administration,TX,439154,1,www.texastech.edu/
texas-wesleyan-university,Texas Wesleyan University,TX,229160,1,www.txwes.edu/
texas-woman-s-university,Texas Woman's University,TX,229179,1,www.twu.edu/
the-catholic-university-of-america,The Catholic University of America,DC,131283,1,https://www.catholic.edu/
the-chicago-school-at-anaheim,The Chicago School at Anaheim,CA,455433,1,https://www.thechicagoschool.edu/in-the-community/locations/
the-chicago-school-at-chicago,The Chicago School at Chicago,IL,143978,1,https://www.thechicagoschool.edu/in-the-community/locations/
the-chicago-school-at-dallas,The Chicago School at Dallas,TX,492607,1,https://www.thechicagoschool.edu/in-the-community/locations/
the-chicago-school-at-los-angeles,The Chicago School at Los Angeles,CA,455664,1,https://www.thechicagoschool.edu/in-the-community/locations/
the-chicago-school-at-san-diego,The Chicago School at San Diego,CA,491190,1,https://www.thechicagoschool.edu/in-the-community/locations/
the-chicago-school-at-washington-dc,The Chicago School at Washington DC,DC,459745,1,https://www.thechicagoschool.edu/washington-dc/
the-chicago-school-at-xavier-university-of-louisiana,The Chicago School at Xavier University of Louisiana,LA,487153,1,https://www.thechicagoschool.edu/in-the-community/locations/
the-college-of-idaho,The College of Idaho,ID,142294,0,www.collegeofidaho.edu/
the-college-of-new-jersey,The College of New Jersey,NJ,187134,0,https://www.tcnj.edu/
the-college-of-saint-rose,The College of Saint Rose,NY,195234,0,www.strose.edu/
the-college-of-saint-scholastica,The College of Saint Scholastica,MN,174899,1,www.css.edu/
the-colleges-of-law-at-santa-barbara,The Colleges of Law at Santa Barbara,CA,475228,1,https://www.collegesoflaw.edu/
the-colleges-of-law-at-ventura,The Colleges of Law at Ventura,CA,125037,1,https://www.collegesoflaw.edu/
the-continents-states-university,The Continents States University,MO,492087,0,https://www.continents.us/
the-cooper-union-for-the-advancement-of-science-and-art,The Cooper Union for the Advancement of Science and Art,NY,190372,0,https://www.cooper.edu/
the-evergreen-state-college,The Evergreen State College,WA,235167,0,https://www.evergreen.edu/
the-juilliard-school,The Juilliard School,NY,192110,1,www.juilliard.edu/
the-king-s-university,The King's University,TX,439701,1,https://www.tku.edu/
the-master-s-university-and-seminary,The Master's University and Seminary,CA,117751,1,www.masters.edu/
the-new-england-conservatory-of-music,The New England Conservatory of Music,MA,167057,1,https://necmusic.edu/
the-new-school,The New School,NY,193654,1,https://www.newschool.edu/
the-rockefeller-university,The Rockefeller University,NY,195049,1,www.rockefeller.edu/
the-school-of-architecture,The School of Architecture,AZ,104665,0,https://tsoa.edu/
the-seattle-school-of-theology-and-psychology,The Seattle School of Theology & Psychology,WA,441131,0,theseattleschool.edu/
the-southern-baptist-theological-seminary,The Southern Baptist Theological Seminary,KY,157748,1,www.sbts.edu/
the-southwestern-baptist-theological-seminary,The Southwestern Baptist Theological Seminary,TX,494603,1,swbts.edu/
the-university-of-alabama,The University of Alabama,AL,100751,1,www.ua.edu/
the-university-of-america,The University of America,CA,475237,1,ua-edu.us/
the-university-of-findlay,The University of Findlay,OH,202763,1,findlay.edu/
the-university-of-montana,The University of Montana,MT,180489,1,www.umt.edu/
the-university-of-olivet,The University of Olivet,MI,171599,0,https://www.uolivet.edu/
the-university-of-tampa,The University of Tampa,FL,137847,1,https://www.ut.edu/
the-university-of-tennessee-health-science-center,The University of Tennessee Health Science Center,TN,487010,1,www.uthsc.edu/
the-university-of-tennessee-southern,The University of Tennessee Southern,TN,220701,0,https://www.utsouthern.edu/
the-university-of-tennessee-system-office,The University of Tennessee System Office,TN,492263,1,www.tennessee.edu/
the-university-of-tennessee-chattanooga,The University of Tennessee-Chattanooga,TN,221740,1,utc.edu/
the-university-of-tennessee-knoxville,The University of Tennessee-Knoxville,TN,221759,1,www.utk.edu/
the-university-of-tennessee-martin,The University of Tennessee-Martin,TN,221768,0,https://www.utm.edu/
the-university-of-texas-at-arlington,The University of Texas at Arlington,TX,228769,1,https://www.uta.edu/
the-university-of-texas-at-austin,The University of Texas at Austin,TX,228778,1,https://www.utexas.edu/
the-university-of-texas-at-dallas,The University of Texas at Dallas,TX,228787,1,www.utdallas.edu/
the-university-of-texas-at-el-paso,The University of Texas at El Paso,TX,228796,1,https://www.utep.edu/
the-university-of-texas-at-san-antonio,The University of Texas at San Antonio,TX,229027,1,www.utsa.edu/
the-university-of-texas-at-tyler,The University of Texas at Tyler,TX,228802,1,https://www.uttyler.edu/
the-university-of-texas-health-science-center-at-houston,The University of Texas Health Science Center at Houston,TX,229300,1,www.uth.edu/
the-university-of-texas-health-science-center-at-san-antonio,The University of Texas Health Science Center at San Antonio,TX,228644,1,www.uthscsa.edu/
the-university-of-texas-md-anderson-cancer-center,The University of Texas MD Anderson Cancer Center,TX,416801,0,www.mdanderson.org/
the-university-of-texas-medical-branch-at-galveston,The University of Texas Medical Branch at Galveston,TX,228653,1,https://www.utmb.edu/
the-university-of-texas-permian-basin,The University of Texas Permian Basin,TX,229018,0,https://www.utpb.edu/
the-university-of-texas-rio-grande-valley,The University of Texas Rio Grande Valley,TX,227368,1,www.utrgv.edu/
the-university-of-texas-system-office,The University of Texas System Office,TX,229090,1,www.utsystem.edu/
the-university-of-the-south,The University of the South,TN,221519,1,www.sewanee.edu/
the-wright-institute,The Wright Institute,CA,126012,1,www.wi.edu/
theological-seminary-of-the-reformed-episcopal-church,Theological Seminary of the Reformed Episcopal Church,PA,216348,0,reseminary.edu/
thiel-college,Thiel College,PA,216357,0,https://www.thiel.edu/
thomas-college,Thomas College,ME,161563,0,www.thomas.edu/
thomas-edison-state-university,Thomas Edison State University,NJ,187046,1,www.tesu.edu/
thomas-jefferson-school-of-law,Thomas Jefferson School of Law,CA,126049,1,www.tjsl.edu/
thomas-jefferson-university,Thomas Jefferson University,PA,216366,1,www.jefferson.edu/
thomas-m-cooley-law-school,Thomas M Cooley Law School,MI,172477,1,cooley.edu/
thomas-more-university,Thomas More University,KY,157809,0,www.thomasmore.edu/
thomas-university,Thomas University,GA,141167,0,www.thomasu.edu/
tiffin-university,Tiffin University,OH,206048,1,www.tiffin.edu/
toccoa-falls-college,Toccoa Falls College,GA,141185,0,https://tfc.edu/
tougaloo-college,Tougaloo College,MS,176406,0,www.tougaloo.edu/
touro-university,Touro University,NY,196592,1,https://www.touro.edu/
touro-university-california,Touro University California,CA,459736,1,www.tu.edu/
touro-university-nevada,Touro University Nevada,NV,459824,1,www.tun.touro.edu/
touro-university-worldwide,Touro University Worldwide,CA,459727,1,https://www.tuw.edu/
towson-university,Towson University,MD,164076,1,www.towson.edu/
toyota-technological-institute-at-chicago,Toyota Technological Institute at Chicago,IL,445054,1,www.ttic.edu/
trevecca-nazarene-university,Trevecca Nazarene University,TN,221892,1,https://www.trevecca.edu/
tri-state-bible-college,Tri-State Bible College,OH,206154,0,https://tsbc.edu/
trine-university,Trine University,IN,152567,1,www.trine.edu/
trine-university-regional-non-traditional-campuses,Trine University-Regional/Non-Traditional Campuses,IN,414878,1,trine.edu/online/index.aspx
trinity-baptist-college,Trinity Baptist College,FL,137953,0,www.tbc.edu/
trinity-bible-college-and-graduate-school,Trinity Bible College and Graduate School,ND,200484,1,trinitybiblecollege.edu/
trinity-christian-college,Trinity Christian College,IL,149505,0,www.trnty.edu/
trinity-college,Trinity College,CT,130590,0,https://www.trincoll.edu/
trinity-college-of-nursing-and-health-sciences,Trinity College of Nursing & Health Sciences,IL,146755,0,www.trinitycollegeqc.edu/default.aspx
trinity-episcopal-school-for-ministry,Trinity Episcopal School for Ministry,PA,216463,1,www.tsm.edu/
trinity-international-university-florida,Trinity International University-Florida,FL,135610,0,https://tiu.edu/florida/
trinity-international-university-illinois,Trinity International University-Illinois,IL,149514,1,https://www.tiu.edu/
trinity-law-school,Trinity Law School,CA,123448,1,https://www.tiu.edu/law
trinity-university,Trinity University,TX,229267,0,https://new.trinity.edu/
trinity-washington-university,Trinity Washington University,DC,131876,0,www.trinitydc.edu/
troy-university,Troy University,AL,102368,1,www.troy.edu/
truett-mcconnell-university,Truett McConnell University,GA,141237,0,https://truett.edu/
truman-state-university,Truman State University,MO,178615,0,https://www.truman.edu/
tufts-university,Tufts University,MA,168148,1,https://www.tufts.edu/
tulane-university-of-louisiana,Tulane University of Louisiana,LA,160755,1,https://tulane.edu/
turtle-mountain-community-college,Turtle Mountain Community College,ND,200527,0,www.tm.edu/
tusculum-university,Tusculum University,TN,221953,0,https://www.tusculum.edu/
tuskegee-university,Tuskegee University,AL,102377,1,www.tuskegee.edu/
union-adventist-university,Union Adventist University,NE,181738,0,https://www.ucollege.edu/
union-college,Union College,KY,157863,0,https://www.unionky.edu/
union-institute-and-university,Union Institute & University,OH,206279,1,https://www.myunion.edu/
union-presbyterian-seminary,Union Presbyterian Seminary,VA,233842,1,www.upsem.edu/
union-theological-seminary-in-the-city-of-new-york,Union Theological Seminary in the City of New York,NY,196884,1,utsnyc.edu/
union-university,Union University,TN,221971,1,www.uu.edu/
united-international-college,United International College,FL,486354,0,www.uinternational.edu/
united-lutheran-seminary,United Lutheran Seminary,PA,213631,1,https://www.unitedlutheranseminary.edu/
united-states-merchant-marine-academy,United States Merchant Marine Academy,NY,197027,0,https://www.usmma.edu/
united-states-sports-academy,United States Sports Academy,AL,102395,1,www.ussa.edu/
united-states-university,United States University,CA,447050,1,https://www.usuniversity.edu/
united-theological-seminary,United Theological Seminary,OH,206288,1,www.united.edu/
united-theological-seminary-of-the-twin-cities,United Theological Seminary of the Twin Cities,MN,175139,1,www.unitedseminary.edu/
unity-environmental-university,Unity Environmental University,ME,161572,0,https://unity.edu/
universidad-adventista-de-las-antillas,Universidad Adventista de las Antillas,PR,241191,0,https://www.uaa.edu/
universidad-ana-g-mendez-carolina-campus,Universidad Ana G. Mendez-Carolina Campus,PR,243346,1,uagm.edu/
universidad-ana-g-mendez-cupey-campus,Universidad Ana G. Mendez-Cupey Campus,PR,241739,1,uagm.edu/
universidad-ana-g-mendez-gurabo-campus,Universidad Ana G. Mendez-Gurabo Campus,PR,243601,1,uagm.edu/
universidad-central-de-bayamon,Universidad Central de Bayamon,PR,241225,0,ucb.edu.pr/
universidad-central-del-caribe,Universidad Central Del Caribe,PR,243568,1,https://www.uccaribe.edu/
universidad-del-sagrado-corazon,Universidad del Sagrado Corazon,PR,243443,0,www.sagrado.edu/
universidad-pentecostal-mizpa,Universidad Pentecostal Mizpa,PR,441690,0,mizpa.edu/
universidad-politecnica-de-puerto-rico,Universidad Politecnica de Puerto Rico,PR,243577,1,www.pupr.edu/
universidad-teologica-del-caribe,Universidad Teologica del Caribe,PR,241614,0,utcpr.edu/
university-at-albany,University at Albany,NY,196060,1,www.albany.edu/
university-at-buffalo,University at Buffalo,NY,196088,1,https://www.buffalo.edu/
university-of-advancing-technology,University of Advancing Technology,AZ,363934,0,https://www.uat.edu/
university-of-akron-main-campus,University of Akron Main Campus,OH,200800,1,www.uakron.edu/
university-of-alabama-at-birmingham,University of Alabama at Birmingham,AL,100663,1,https://www.uab.edu/
university-of-alabama-in-huntsville,University of Alabama in Huntsville,AL,100706,1,www.uah.edu/
university-of-alabama-system-office,University of Alabama System Office,AL,100733,1,www.uasystem.edu/
university-of-alaska-anchorage,University of Alaska Anchorage,AK,102553,1,www.uaa.alaska.edu/
university-of-alaska-fairbanks,University of Alaska Fairbanks,AK,102614,1,www.uaf.edu/
university-of-alaska-southeast,University of Alaska Southeast,AK,102632,0,www.uas.alaska.edu/
university-of-alaska-system-of-higher-education,University of Alaska System of Higher Education,AK,103529,1,www.alaska.edu/
university-of-antelope-valley,University of Antelope Valley,CA,442930,0,www.uav.edu/
university-of-arizona,University of Arizona,AZ,104179,1,https://www.arizona.edu/
university-of-arkansas,University of Arkansas,AR,106397,1,https://www.uark.edu/
university-of-arkansas-at-little-rock,University of Arkansas at Little Rock,AR,106245,1,ualr.edu/www/
university-of-arkansas-at-monticello,University of Arkansas at Monticello,AR,106485,0,www.uamont.edu/
university-of-arkansas-at-pine-bluff,University of Arkansas at Pine Bluff,AR,106412,1,www.uapb.edu/
university-of-arkansas-for-medical-sciences,University of Arkansas for Medical Sciences,AR,106263,1,https://www.uams.edu/
university-of-arkansas-grantham,University of Arkansas Grantham,AR,442569,0,https://www.uagrantham.edu/
university-of-arkansas-system-office,University of Arkansas System Office,AR,108056,1,www.uasys.edu/
university-of-arkansas-fort-smith,University of Arkansas-Fort Smith,AR,108092,0,https://uafs.edu/
university-of-baltimore,University of Baltimore,MD,161873,1,www.ubalt.edu/
university-of-bridgeport,University of Bridgeport,CT,128744,1,www.bridgeport.edu/
university-of-california-college-of-the-law-san-francisco,University of California College of the Law-San Francisco,CA,110398,1,www.uclawsf.edu/
university-of-california-berkeley,University of California-Berkeley,CA,110635,1,www.berkeley.edu/
university-of-california-davis,University of California-Davis,CA,110644,1,ucdavis.edu/
university-of-california-irvine,University of California-Irvine,CA,110653,1,www.uci.edu/
university-of-california-los-angeles,University of California-Los Angeles,CA,110662,1,www.ucla.edu/
university-of-california-merced,University of California-Merced,CA,445188,1,ucmerced.edu/
university-of-california-riverside,University of California-Riverside,CA,110671,1,www.ucr.edu/
university-of-california-san-diego,University of California-San Diego,CA,110680,1,www.ucsd.edu/
university-of-california-san-francisco,University of California-San Francisco,CA,110699,1,ucsf.edu/
university-of-california-santa-barbara,University of California-Santa Barbara,CA,110705,1,www.ucsb.edu/
university-of-california-santa-cruz,University of California-Santa Cruz,CA,110714,1,www.ucsc.edu/
university-of-california-system-administration-central-office,University of California-System Administration Central Office,CA,124557,1,www.ucop.edu/
university-of-central-arkansas,University of Central Arkansas,AR,106704,1,www.uca.edu/
university-of-central-florida,University of Central Florida,FL,132903,1,www.ucf.edu/
university-of-central-missouri,University of Central Missouri,MO,176965,0,https://www.ucmo.edu/
university-of-central-oklahoma,University of Central Oklahoma,OK,206941,0,https://www.uco.edu/
university-of-charleston,University of Charleston,WV,237312,1,www.ucwv.edu/
university-of-chicago,University of Chicago,IL,144050,1,www.uchicago.edu/
university-of-cincinnati-main-campus,University of Cincinnati-Main Campus,OH,201885,1,www.uc.edu/
university-of-colorado-boulder,University of Colorado Boulder,CO,126614,1,www.colorado.edu/
university-of-colorado-colorado-springs,University of Colorado Colorado Springs,CO,126580,1,https://www.uccs.edu/
university-of-colorado-denver-anschutz-medical-campus,University of Colorado Denver/Anschutz Medical Campus,CO,126562,1,www.ucdenver.edu/
university-of-colorado-system-office,University of Colorado System Office,CO,128300,1,https://www.cu.edu/
university-of-connecticut,University of Connecticut,CT,129020,1,uconn.edu/
university-of-dallas,University of Dallas,TX,224323,1,https://udallas.edu/
university-of-dayton,University of Dayton,OH,202480,1,https://udayton.edu/
university-of-delaware,University of Delaware,DE,130943,1,www.udel.edu/
university-of-denver,University of Denver,CO,127060,1,www.du.edu/
university-of-detroit-mercy,University of Detroit Mercy,MI,169716,1,https://www.udmercy.edu/
university-of-dubuque,University of Dubuque,IA,153278,1,www.dbq.edu/
university-of-east-west-medicine,University of East-West Medicine,CA,447801,0,www.uewm.edu/
university-of-evansville,University of Evansville,IN,150534,1,https://www.evansville.edu/
university-of-florida,University of Florida,FL,134130,1,https://www.ufl.edu/
university-of-fort-lauderdale,University of Fort Lauderdale,FL,457402,0,uftl.edu/
university-of-georgia,University of Georgia,GA,139959,1,www.uga.edu/
university-of-guam,University of Guam,GU,240754,0,https://www.uog.edu/
university-of-hartford,University of Hartford,CT,129525,1,www.hartford.edu/
university-of-hawaii-at-hilo,University of Hawaii at Hilo,HI,141565,1,https://hilo.hawaii.edu/
university-of-hawaii-at-manoa,University of Hawaii at Manoa,HI,141574,1,https://manoa.hawaii.edu/
university-of-hawaii-system-office,University of Hawaii System Office,HI,141963,1,https://www.hawaii.edu/
university-of-health-sciences-and-pharmacy-in-st-louis,University of Health Sciences and Pharmacy in St. Louis,MO,179265,1,www.uhsp.edu/
university-of-holy-cross,University of Holy Cross,LA,160065,1,uhcno.edu/
university-of-houston,University of Houston,TX,225511,1,www.uh.edu/
university-of-houston-clear-lake,University of Houston-Clear Lake,TX,225414,1,www.uhcl.edu/
university-of-houston-downtown,University of Houston-Downtown,TX,225432,0,www.uhd.edu/
university-of-houston-system-administration,University of Houston-System Administration,TX,229407,1,www.uh.edu/
university-of-houston-victoria,University of Houston-Victoria,TX,225502,0,uhv.edu/
university-of-idaho,University of Idaho,ID,142285,1,www.uidaho.edu/
university-of-illinois-chicago,University of Illinois Chicago,IL,145600,1,www.uic.edu/
university-of-illinois-springfield,University of Illinois Springfield,IL,148654,1,www.uis.edu/
university-of-illinois-system-offices,University of Illinois System Offices,IL,149587,1,www.uillinois.edu/
university-of-illinois-urbana-champaign,University of Illinois Urbana-Champaign,IL,145637,1,www.illinois.edu/
university-of-indianapolis,University of Indianapolis,IN,151263,1,https://uindy.edu/
university-of-iowa,University of Iowa,IA,153658,1,https://uiowa.edu/
university-of-jamestown,University of Jamestown,ND,200156,1,www.uj.edu/
university-of-kansas,University of Kansas,KS,155317,1,https://ku.edu/
university-of-kentucky,University of Kentucky,KY,157085,1,www.uky.edu/
university-of-la-verne,University of La Verne,CA,117140,1,https://www.laverne.edu/
university-of-louisiana-at-lafayette,University of Louisiana at Lafayette,LA,160658,1,www.louisiana.edu/
university-of-louisiana-at-monroe,University of Louisiana at Monroe,LA,159993,1,www.ulm.edu/
university-of-louisville,University of Louisville,KY,157289,1,www.louisville.edu/
university-of-lynchburg,University of Lynchburg,VA,232609,1,www.lynchburg.edu/
university-of-maine,University of Maine,ME,161253,1,www.umaine.edu/
university-of-maine-at-augusta,University of Maine at Augusta,ME,161217,0,www.uma.edu/
university-of-maine-at-farmington,University of Maine at Farmington,ME,161226,0,https://www.umf.maine.edu/
university-of-maine-at-fort-kent,University of Maine at Fort Kent,ME,161235,0,www.umfk.maine.edu/
university-of-maine-at-presque-isle,University of Maine at Presque Isle,ME,161341,0,www.umpi.edu/
university-of-maine-system-central-office,University of Maine-System Central Office,ME,161280,1,www.maine.edu/
university-of-management-and-technology,University of Management and Technology,VA,437097,1,https://www.umtweb.edu/
university-of-mary,University of Mary,ND,200217,1,https://www.umary.edu/
university-of-mary-hardin-baylor,University of Mary Hardin-Baylor,TX,226471,1,https://go.umhb.edu/
university-of-mary-washington,University of Mary Washington,VA,232681,0,https://www.umw.edu/
university-of-maryland-eastern-shore,University of Maryland Eastern Shore,MD,163338,1,wwwcp.umes.edu/
university-of-maryland-global-campus,University of Maryland Global Campus,MD,163204,1,www.umgc.edu/
university-of-maryland-baltimore,"University of Maryland, Baltimore",MD,163259,1,www.umaryland.edu/
university-of-maryland-baltimore-county,University of Maryland-Baltimore County,MD,163268,1,umbc.edu/
university-of-maryland-college-park,University of Maryland-College Park,MD,163286,1,www.umd.edu/
university-of-massachusetts-chan-medical-school,University of Massachusetts Chan Medical School,MA,166708,1,www.umassmed.edu/
university-of-massachusetts-global,University of Massachusetts Global,CA,262086,1,www.umassglobal.edu/
university-of-massachusetts-amherst,University of Massachusetts-Amherst,MA,166629,1,www.umass.edu/
university-of-massachusetts-boston,University of Massachusetts-Boston,MA,166638,1,www.umb.edu/
university-of-massachusetts-central-office,University of Massachusetts-Central Office,MA,166665,1,www.massachusetts.edu/
university-of-massachusetts-dartmouth,University of Massachusetts-Dartmouth,MA,167987,1,www.umassd.edu/
university-of-massachusetts-lowell,University of Massachusetts-Lowell,MA,166513,1,www.uml.edu/
university-of-memphis,University of Memphis,TN,220862,1,https://www.memphis.edu/
university-of-miami,University of Miami,FL,135726,1,www.miami.edu/
university-of-michigan-ann-arbor,University of Michigan-Ann Arbor,MI,170976,1,https://umich.edu/
university-of-michigan-dearborn,University of Michigan-Dearborn,MI,171137,1,https://umdearborn.edu/
university-of-michigan-flint,University of Michigan-Flint,MI,171146,1,www.umflint.edu/
university-of-minnesota-duluth,University of Minnesota-Duluth,MN,174233,1,https://www.d.umn.edu/
university-of-minnesota-twin-cities,University of Minnesota-Twin Cities,MN,174066,1,https://twin-cities.umn.edu/
university-of-mississippi,University of Mississippi,MS,176017,1,www.olemiss.edu/
university-of-missouri-columbia,University of Missouri-Columbia,MO,178396,1,https://missouri.edu/
university-of-missouri-kansas-city,University of Missouri-Kansas City,MO,178402,1,https://www.umkc.edu/
university-of-missouri-st-louis,University of Missouri-St Louis,MO,178420,1,https://www.umsl.edu/
university-of-missouri-system-office,University of Missouri-System Office,MO,178439,1,https://www.umsystem.edu/
university-of-mobile,University of Mobile,AL,101693,1,https://www.umobile.edu/
university-of-montevallo,University of Montevallo,AL,101709,0,www.montevallo.edu/
university-of-mount-olive,University of Mount Olive,NC,199069,0,https://umo.edu/
university-of-mount-saint-vincent,University of Mount Saint Vincent,NY,193399,0,www.mountsaintvincent.edu/
university-of-mount-union,University of Mount Union,OH,204185,1,www.mountunion.edu/
university-of-nebraska-at-kearney,University of Nebraska at Kearney,NE,181215,0,www.unk.edu/
university-of-nebraska-at-omaha,University of Nebraska at Omaha,NE,181394,1,https://www.unomaha.edu/
university-of-nebraska-medical-center,University of Nebraska Medical Center,NE,181428,1,www.unmc.edu/
university-of-nebraska-central-administration-system-office,University of Nebraska-Central Administration System Office,NE,181747,1,https://www.nebraska.edu/
university-of-nebraska-lincoln,University of Nebraska-Lincoln,NE,181464,1,www.unl.edu/
university-of-nevada-las-vegas,University of Nevada-Las Vegas,NV,182281,1,www.unlv.edu/
university-of-nevada-reno,University of Nevada-Reno,NV,182290,1,www.unr.edu/
university-of-new-england,University of New England,ME,161457,1,https://www.une.edu/
university-of-new-hampshire-at-manchester,University of New Hampshire at Manchester,NH,183071,0,manchester.unh.edu/
university-of-new-hampshire-college-of-professional-studies-online,University of New Hampshire College of Professional Studies Online,NH,183257,0,https://cps.unh.edu/online
university-of-new-hampshire-franklin-pierce-school-of-law,University of New Hampshire-Franklin Pierce School of Law,NH,182829,1,https://law.unh.edu/
university-of-new-hampshire-main-campus,University of New Hampshire-Main Campus,NH,183044,1,www.unh.edu/
university-of-new-haven,University of New Haven,CT,129941,1,www.newhaven.edu/
university-of-new-mexico-main-campus,University of New Mexico-Main Campus,NM,187985,1,www.unm.edu/
university-of-new-orleans,University of New Orleans,LA,159939,1,new.uno.edu/
university-of-north-alabama,University of North Alabama,AL,101879,1,https://www.una.edu/
university-of-north-carolina-asheville,University of North Carolina Asheville,NC,199111,0,https://unca.edu/
university-of-north-carolina-at-chapel-hill,University of North Carolina at Chapel Hill,NC,199120,1,https://www.unc.edu/
university-of-north-carolina-at-charlotte,University of North Carolina at Charlotte,NC,199139,1,https://www.charlotte.edu/
university-of-north-carolina-at-greensboro,University of North Carolina at Greensboro,NC,199148,1,www.uncg.edu/
university-of-north-carolina-at-pembroke,University of North Carolina at Pembroke,NC,199281,0,https://www.uncp.edu/
university-of-north-carolina-school-of-the-arts,University of North Carolina School of the Arts,NC,199184,0,www.uncsa.edu/
university-of-north-carolina-system,University of North Carolina System,NC,199175,1,https://www.northcarolina.edu/
university-of-north-carolina-wilmington,University of North Carolina Wilmington,NC,199218,1,www.uncw.edu/
university-of-north-dakota,University of North Dakota,ND,200280,1,https://und.edu/
university-of-north-florida,University of North Florida,FL,136172,1,https://www.unf.edu/
university-of-north-georgia,University of North Georgia,GA,482680,1,www.ung.edu/
university-of-north-texas,University of North Texas,TX,227216,1,www.unt.edu/
university-of-north-texas-at-dallas,University of North Texas at Dallas,TX,484905,1,untdallas.edu/
university-of-north-texas-health-science-center,University of North Texas Health Science Center,TX,228909,1,www.unthsc.edu/
university-of-north-texas-system,University of North Texas System,TX,443711,1,untsystem.unt.edu/
university-of-northern-colorado,University of Northern Colorado,CO,127741,1,https://www.unco.edu/
university-of-northern-iowa,University of Northern Iowa,IA,154095,1,https://www.uni.edu/
university-of-northwestern-ohio,University of Northwestern Ohio,OH,204486,0,https://www.unoh.edu/
university-of-northwestern-st-paul,University of Northwestern-St Paul,MN,174491,0,https://www.unwsp.edu/
university-of-notre-dame,University of Notre Dame,IN,152080,1,www.nd.edu/
university-of-oklahoma-health-sciences-center,University of Oklahoma-Health Sciences Center,OK,207342,1,ouhsc.edu/
university-of-oklahoma-norman-campus,University of Oklahoma-Norman Campus,OK,207500,1,www.ou.edu/
university-of-oregon,University of Oregon,OR,209551,1,https://www.uoregon.edu/
university-of-pennsylvania,University of Pennsylvania,PA,215062,1,www.upenn.edu/
university-of-phoenix-arizona,University of Phoenix-Arizona,AZ,484613,1,https://www.phoenix.edu/
university-of-phoenix-california,University of Phoenix-California,CA,484631,0,https://www.phoenix.edu/
university-of-phoenix-hawaii,University of Phoenix-Hawaii,HI,420042,0,https://www.phoenix.edu/
university-of-phoenix-nevada,University of Phoenix-Nevada,NV,484710,0,https://www.phoenix.edu/
university-of-phoenix-texas,University of Phoenix-Texas,TX,484756,0,https://www.phoenix.edu/
university-of-pikeville,University of Pikeville,KY,157535,1,www.upike.edu/
university-of-pittsburgh-pittsburgh-campus,University of Pittsburgh-Pittsburgh Campus,PA,215293,1,www.pitt.edu/
university-of-portland,University of Portland,OR,209825,1,https://www.up.edu/
university-of-providence,University of Providence,MT,180258,0,www.uprovidence.edu/
university-of-puerto-rico-arecibo,University of Puerto Rico-Arecibo,PR,243115,0,www.upra.edu/
university-of-puerto-rico-central-administration,University of Puerto Rico-Central Administration,PR,243160,1,www.upr.edu/
university-of-puerto-rico-mayaguez,University of Puerto Rico-Mayaguez,PR,243197,1,https://www.uprm.edu/
university-of-puerto-rico-medical-sciences,University of Puerto Rico-Medical Sciences,PR,243203,1,www.rcm.upr.edu/
university-of-puerto-rico-rio-piedras,University of Puerto Rico-Rio Piedras,PR,243221,1,https://www.uprrp.edu/
university-of-puget-sound,University of Puget Sound,WA,236328,1,www.pugetsound.edu/
university-of-redlands,University of Redlands,CA,121691,1,www.redlands.edu/
university-of-rhode-island,University of Rhode Island,RI,217484,1,https://web.uri.edu/
university-of-richmond,University of Richmond,VA,233374,1,https://www.richmond.edu/
university-of-rio-grande,University of Rio Grande,OH,205203,0,https://www.rio.edu/
university-of-rochester,University of Rochester,NY,195030,1,https://www.rochester.edu/
university-of-saint-francis-fort-wayne,University of Saint Francis-Fort Wayne,IN,152336,1,https://www.sf.edu/
university-of-saint-joseph,University of Saint Joseph,CT,130314,1,https://www.usj.edu/
university-of-saint-katherine,University of Saint Katherine,CA,488785,0,www.usk.edu/
university-of-saint-mary,University of Saint Mary,KS,155812,1,www.stmary.edu/
university-of-saint-mary-of-the-lake,University of Saint Mary of the Lake,IL,148885,1,https://usml.edu/
university-of-san-diego,University of San Diego,CA,122436,1,www.sandiego.edu/
university-of-san-francisco,University of San Francisco,CA,122612,1,https://www.usfca.edu/
university-of-scranton,University of Scranton,PA,215929,1,www.scranton.edu/
university-of-silicon-andhra,University of Silicon Andhra,CA,497107,0,https://www.uofsa.edu/
university-of-silicon-valley,University of Silicon Valley,CA,112394,0,https://usv.edu/
university-of-sioux-falls,University of Sioux Falls,SD,219383,1,www.usiouxfalls.edu/
university-of-south-alabama,University of South Alabama,AL,102094,1,www.southalabama.edu/
university-of-south-carolina-aiken,University of South Carolina Aiken,SC,218645,0,www.usca.edu/
university-of-south-carolina-beaufort,University of South Carolina Beaufort,SC,218654,0,www.uscb.edu/
university-of-south-carolina-columbia,University of South Carolina-Columbia,SC,218663,1,www.sc.edu/
university-of-south-carolina-upstate,University of South Carolina-Upstate,SC,218742,0,www.uscupstate.edu/
university-of-south-dakota,University of South Dakota,SD,219471,1,https://www.usd.edu/
university-of-south-florida,University of South Florida,FL,137351,1,www.usf.edu/
university-of-southern-california,University of Southern California,CA,123961,1,www.usc.edu/
university-of-southern-indiana,University of Southern Indiana,IN,151306,1,www.usi.edu/
university-of-southern-maine,University of Southern Maine,ME,161554,1,usm.maine.edu/
university-of-southern-mississippi,University of Southern Mississippi,MS,176372,1,https://www.usm.edu/
university-of-st-francis,University of St Francis,IL,148584,1,https://www.stfrancis.edu/
university-of-st-thomas,University of St Thomas,MN,174914,1,www.stthomas.edu/
university-of-st-thomas,University of St Thomas,TX,227863,1,https://www.stthom.edu/
university-of-st-augustine-for-health-sciences,University of St. Augustine for Health Sciences,CA,367954,1,www.usa.edu/
university-of-texas-southwestern-medical-center,University of Texas Southwestern Medical Center,TX,228635,1,www.utsouthwestern.edu/
university-of-the-arts,University of the Arts,PA,215105,1,https://www.uarts.edu/
university-of-the-cumberlands,University of the Cumberlands,KY,156541,1,www.ucumberlands.edu/
university-of-the-district-of-columbia,University of the District of Columbia,DC,131399,1,www.udc.edu/
university-of-the-incarnate-word,University of the Incarnate Word,TX,225627,1,www.uiw.edu/
university-of-the-pacific,University of the Pacific,CA,120883,1,www.pacific.edu/
university-of-the-people,University of the People,CA,488846,0,www.uopeople.edu/
university-of-the-potomac-va-campus,University of the Potomac-VA Campus,VA,442639,0,www.potomac.edu/
university-of-the-potomac-washington-dc-campus,University of the Potomac-Washington DC Campus,DC,384412,1,www.potomac.edu/
university-of-the-southwest,University of the Southwest,NM,188182,1,https://www.usw.edu/
university-of-the-virgin-islands,University of the Virgin Islands,VI,243665,1,www.uvi.edu/
university-of-the-west,University of the West,CA,449870,1,www.uwest.edu/
university-of-toledo,University of Toledo,OH,206084,1,www.utoledo.edu/
university-of-tulsa,University of Tulsa,OK,207971,1,https://utulsa.edu/
university-of-utah,University of Utah,UT,230764,1,www.utah.edu/
university-of-valley-forge,University of Valley Forge,PA,216542,0,https://www.valleyforge.edu/
university-of-vermont,University of Vermont,VT,231174,1,www.uvm.edu/
university-of-virginia-main-campus,University of Virginia-Main Campus,VA,234076,1,https://www.virginia.edu/
university-of-washington-bothell-campus,University of Washington-Bothell Campus,WA,377555,0,https://www.uwb.edu/
university-of-washington-seattle-campus,University of Washington-Seattle Campus,WA,236948,1,https://www.washington.edu/
university-of-washington-tacoma-campus,University of Washington-Tacoma Campus,WA,377564,1,https://www.tacoma.uw.edu/
university-of-west-alabama,University of West Alabama,AL,101587,1,www.uwa.edu/
university-of-west-florida,University of West Florida,FL,138354,1,uwf.edu/
university-of-west-georgia,University of West Georgia,GA,141334,1,www.westga.edu/
university-of-west-los-angeles,University of West Los Angeles,CA,484862,1,www.uwla.edu/
university-of-western-states,University of Western States,OR,210438,1,https://www.uws.edu/
university-of-wisconsin-eau-claire,University of Wisconsin-Eau Claire,WI,240268,1,www.uwec.edu/
university-of-wisconsin-green-bay,University of Wisconsin-Green Bay,WI,240277,1,www.uwgb.edu/
university-of-wisconsin-la-crosse,University of Wisconsin-La Crosse,WI,240329,1,www.uwlax.edu/
university-of-wisconsin-madison,University of Wisconsin-Madison,WI,240444,1,www.wisc.edu/
university-of-wisconsin-milwaukee,University of Wisconsin-Milwaukee,WI,240453,1,uwm.edu/
university-of-wisconsin-oshkosh,University of Wisconsin-Oshkosh,WI,240365,1,https://www.uwosh.edu/
university-of-wisconsin-parkside,University of Wisconsin-Parkside,WI,240374,0,https://www.uwp.edu/
university-of-wisconsin-platteville,University of Wisconsin-Platteville,WI,240462,0,https://www.uwplatt.edu/
university-of-wisconsin-river-falls,University of Wisconsin-River Falls,WI,240471,0,https://www.uwrf.edu/
university-of-wisconsin-stevens-point,University of Wisconsin-Stevens Point,WI,240480,1,https://www.uwsp.edu/
university-of-wisconsin-stout,University of Wisconsin-Stout,WI,240417,1,www.uwstout.edu/
university-of-wisconsin-superior,University of Wisconsin-Superior,WI,240426,0,https://www.uwsuper.edu/
university-of-wisconsin-system-administration,University of Wisconsin-System Administration,WI,240435,1,https://www.wisconsin.edu/
university-of-wisconsin-whitewater,University of Wisconsin-Whitewater,WI,240189,1,www.uww.edu/
university-of-wyoming,University of Wyoming,WY,240727,1,https://www.uwyo.edu/
university-system-of-maryland,University System of Maryland,MD,164146,1,www.usmd.edu/
university-system-of-maryland-research-centers,University System of Maryland-Research Centers,MD,404480,1,www.usmd.edu/
university-system-of-new-hampshire-system-office,University System of New Hampshire System Office,NH,183327,1,www.usnh.edu/
upper-iowa-university,Upper Iowa University,IA,154493,0,https://www.uiu.edu/
upper-valley-educators-institute,Upper Valley Educators Institute,NH,440004,0,www.uvei.edu/
upstate-medical-university,Upstate Medical University,NY,196307,1,www.upstate.edu/
urbana-theological-seminary,Urbana Theological Seminary,IL,456171,0,https://www.urbanatheologicalseminary.org/
urbe-university,URBE University,FL,498924,0,https://urbeuniversity.edu/
urshan-graduate-school-of-theology,Urshan Graduate School of Theology,MO,455099,0,https://ugst.edu/
ursuline-college,Ursuline College,OH,206349,1,www.ursuline.edu/
utah-state-university,Utah State University,UT,230728,1,https://www.usu.edu/
utah-tech-university,Utah Tech University,UT,230171,0,utahtech.edu/
utah-valley-university,Utah Valley University,UT,230737,0,www.uvu.edu/
utica-university,Utica University,NY,197045,1,https://www.utica.edu/
valdosta-state-university,Valdosta State University,GA,141264,1,www.valdosta.edu/
valley-city-state-university,Valley City State University,ND,200572,0,www.vcsu.edu/
valparaiso-university,Valparaiso University,IN,152600,1,https://www.valpo.edu/
vanderbilt-university,Vanderbilt University,TN,221999,1,www.vanderbilt.edu/
vandercook-college-of-music,VanderCook College of Music,IL,149639,0,https://www.vandercook.edu/
vanguard-university-of-southern-california,Vanguard University of Southern California,CA,123651,0,https://www.vanguard.edu/
vassar-college,Vassar College,NY,197133,0,www.vassar.edu/
vaughn-college-of-aeronautics-and-technology,Vaughn College of Aeronautics and Technology,NY,188340,0,www.vaughn.edu/
veritas-baptist-college,Veritas Baptist College,IN,482228,1,www.vbc.edu/
vermont-college-of-fine-arts,Vermont College of Fine Arts,VT,455992,0,www.vcfa.edu/
vermont-law-and-graduate-school,Vermont Law and Graduate School,VT,231147,1,www.vermontlaw.edu/
vermont-state-colleges-office-of-the-chancellor,Vermont State Colleges-Office of the Chancellor,VT,231156,0,www.vsc.edu/
vermont-state-university,Vermont State University,VT,231165,0,vermontstate.edu/
villanova-university,Villanova University,PA,216597,1,www.villanova.edu/
virginia-beach-theological-seminary,Virginia Beach Theological Seminary,VA,449834,1,www.vbts.edu/
virginia-commonwealth-university,Virginia Commonwealth University,VA,234030,1,https://www.vcu.edu/
virginia-polytechnic-institute-and-state-university,Virginia Polytechnic Institute and State University,VA,233921,1,www.vt.edu/
virginia-state-university,Virginia State University,VA,234155,1,www.vsu.edu/
virginia-union-university,Virginia Union University,VA,234164,1,www.vuu.edu/
virginia-university-of-integrative-medicine,Virginia University of Integrative Medicine,VA,490106,1,www.vuim.edu/
virginia-university-of-lynchburg,Virginia University of Lynchburg,VA,234137,1,www.vul.edu/
virginia-wesleyan-university,Virginia Wesleyan University,VA,234173,0,https://www.vwu.edu/
visible-music-college,Visible Music College,TN,449764,0,www.visible.edu/
viterbo-university,Viterbo University,WI,240107,1,https://www.viterbo.edu/
voorhees-university,Voorhees University,SC,218919,0,www.voorhees.edu/
wagner-college,Wagner College,NY,197197,1,www.wagner.edu/
wake-forest-university,Wake Forest University,NC,199847,1,www.wfu.edu/
walden-university,Walden University,MN,125231,1,www.waldenu.edu/
waldorf-university,Waldorf University,IA,154518,0,www.waldorf.edu/
walla-walla-university,Walla Walla University,WA,236896,1,https://www.wallawalla.edu/
walsh-college,Walsh College,MI,172608,1,https://walshcollege.edu/
walsh-university,Walsh University,OH,206437,1,https://www.walsh.edu/
warner-pacific-university-professional-and-graduate-studies,Warner Pacific University Professional and Graduate Studies,OR,480198,0,https://www.warnerpacific.edu/
warner-university,Warner University,FL,138275,0,www.warner.edu/academics/undergraduate_programs/admissions/criteria-for-admission/
warren-wilson-college,Warren Wilson College,NC,199865,0,https://www.warren-wilson.edu/
wartburg-college,Wartburg College,IA,154527,0,https://www.wartburg.edu/
wartburg-theological-seminary,Wartburg Theological Seminary,IA,154536,0,https://www.wartburgseminary.edu/
washburn-university,Washburn University,KS,156082,1,www.washburn.edu/
washington-and-jefferson-college,Washington & Jefferson College,PA,216667,0,www.washjeff.edu/
washington-adventist-university,Washington Adventist University,MD,162210,0,https://www.wau.edu/
washington-and-lee-university,Washington and Lee University,VA,234207,1,www.wlu.edu/
washington-state-university,Washington State University,WA,236939,1,https://wsu.edu/
washington-university-in-st-louis,Washington University in St Louis,MO,179867,1,https://wustl.edu/
washington-university-of-science-and-technology,Washington University of Science and Technology,VA,483780,0,www.wust.edu/
wayland-baptist-university,Wayland Baptist University,TX,229780,1,www.wbu.edu/
wayne-state-college,Wayne State College,NE,181783,0,https://www.wsc.edu/
wayne-state-university,Wayne State University,MI,172644,1,https://wayne.edu/
waynesburg-university,Waynesburg University,PA,216694,1,www.waynesburg.edu/
webber-international-university,Webber International University,FL,138293,0,www.webber.edu/
weber-state-university,Weber State University,UT,230782,1,https://www.weber.edu/
webster-university,Webster University,MO,179894,1,www.webster.edu/
weill-medical-college-of-cornell-university,Weill Medical College of Cornell University,NY,190424,1,https://weill.cornell.edu/
welch-college,Welch College,TN,220206,0,www.welch.edu/
wentworth-institute-of-technology,Wentworth Institute of Technology,MA,168227,0,https://wit.edu/
wesley-biblical-seminary,Wesley Biblical Seminary,MS,176451,1,https://www.wbs.edu/
wesley-theological-seminary,Wesley Theological Seminary,DC,131973,1,www.wesleyseminary.edu/
wesleyan-college,Wesleyan College,GA,141325,0,https://www.wesleyancollege.edu/
wesleyan-university,Wesleyan University,CT,130697,1,https://www.wesleyan.edu/
west-chester-university-of-pennsylvania,West Chester University of Pennsylvania,PA,216764,1,https://www.wcupa.edu/
west-coast-university-center-for-graduate-studies,West Coast University-Center for Graduate Studies,CA,489858,1,https://westcoastuniversity.edu/
west-coast-university-dallas,West Coast University-Dallas,TX,477039,1,https://westcoastuniversity.edu/
west-coast-university-orange-county,West Coast University-Orange County,CA,458210,1,westcoastuniversity.edu/
west-liberty-university,West Liberty University,WV,237932,1,www.westliberty.edu/
west-texas-a-and-m-university,West Texas A & M University,TX,229814,1,https://www.wtamu.edu/
west-virginia-school-of-osteopathic-medicine,West Virginia School of Osteopathic Medicine,WV,237880,1,www.wvsom.edu/
west-virginia-state-university,West Virginia State University,WV,237899,0,www.wvstateu.edu/
west-virginia-university,West Virginia University,WV,238032,1,www.wvu.edu/
west-virginia-wesleyan-college,West Virginia Wesleyan College,WV,237969,1,www.wvwc.edu/
westcliff-university,Westcliff University,CA,490133,1,www.westcliff.edu/
western-carolina-university,Western Carolina University,NC,200004,1,www.wcu.edu/
western-colorado-university,Western Colorado University,CO,128391,0,www.western.edu/
western-connecticut-state-university,Western Connecticut State University,CT,130776,1,https://www.wcsu.edu/
western-governors-university,Western Governors University,UT,433387,0,www.wgu.edu/
western-illinois-university,Western Illinois University,IL,149772,1,www.wiu.edu/
western-kentucky-university,Western Kentucky University,KY,157951,1,https://www.wku.edu/
western-michigan-university,Western Michigan University,MI,172699,1,https://wmich.edu/
western-michigan-university-homer-stryker-m-d-school-of-medicine,Western Michigan University Homer Stryker M.D. School of Medicine,MI,490373,1,wmed.edu/
western-new-england-university,Western New England University,MA,168254,1,wne.edu/
western-new-mexico-university,Western New Mexico University,NM,188304,0,www.wnmu.edu/
western-oregon-university,Western Oregon University,OR,210429,0,https://wou.edu/
western-seminary,Western Seminary,OR,210368,1,www.westernseminary.edu/
western-technical-college,Western Technical College,TX,224660,0,www.westerntech.edu/
western-theological-seminary,Western Theological Seminary,MI,172705,1,www.westernsem.edu/
western-university-of-health-sciences,Western University of Health Sciences,CA,112525,1,www.westernu.edu/
western-washington-university,Western Washington University,WA,237011,1,wwu.edu/
westfield-state-university,Westfield State University,MA,168263,0,www.westfield.ma.edu/
westminster-college,Westminster College,PA,216807,0,www.westminster.edu/
westminster-theological-seminary,Westminster Theological Seminary,PA,216816,1,https://www.wts.edu/
westminster-theological-seminary-in-california,Westminster Theological Seminary in California,CA,125718,0,www.wscal.edu/
westminster-university,Westminster University,UT,230807,1,www.westminstercollege.edu/
wheaton-college,Wheaton College,IL,149781,1,www.wheaton.edu/
wheeling-university,Wheeling University,WV,238078,1,www.wheeling.edu/
whittier-college,Whittier College,CA,125763,0,www.whittier.edu/
whitworth-university,Whitworth University,WA,237066,1,www.whitworth.edu/
wichita-state-university,Wichita State University,KS,156125,1,www.wichita.edu/
widener-university,Widener University,PA,216852,1,https://www.widener.edu/
wilberforce-university,Wilberforce University,OH,206491,0,www.wilberforce.edu/
wilkes-university,Wilkes University,PA,216931,1,https://www.wilkes.edu/
willamette-university,Willamette University,OR,210401,1,www.willamette.edu/
william-and-mary,William & Mary,VA,231624,1,https://www.wm.edu/
william-carey-university,William Carey University,MS,176479,1,https://www.wmcarey.edu/
william-james-college,William James College,MA,166717,1,www.williamjames.edu/
william-jessup-university,William Jessup University,CA,122728,0,www.jessup.edu/
william-jewell-college,William Jewell College,MO,179955,0,https://www.jewell.edu/
william-paterson-university-of-new-jersey,William Paterson University of New Jersey,NJ,187444,1,www.wpunj.edu/
william-penn-university,William Penn University,IA,154590,0,https://www.wmpenn.edu/
william-woods-university,William Woods University,MO,179964,1,https://www.williamwoods.edu/
williams-baptist-university,Williams Baptist University,AR,107877,0,https://williamsbaptistuniversity.com/
williams-college,Williams College,MA,168342,0,https://www.williams.edu/
williamson-christian-college,Williamson Christian College,TN,443340,0,www.williamsoncc.edu/
wilmington-college,Wilmington College,OH,206507,0,https://www.wilmington.edu/
wilmington-university,Wilmington University,DE,131113,1,www.wilmu.edu/
wilson-college,Wilson College,PA,217013,0,www.wilson.edu/
winebrenner-theological-seminary,Winebrenner Theological Seminary,OH,206516,1,winebrenner.edu/
wingate-university,Wingate University,NC,199962,1,https://www.wingate.edu/
winona-state-university,Winona State University,MN,175272,1,www.winona.edu/
winston-salem-state-university,Winston-Salem State University,NC,199999,1,www.wssu.edu/
winthrop-university,Winthrop University,SC,218964,0,www.winthrop.edu/
wisconsin-lutheran-college,Wisconsin Lutheran College,WI,240338,0,www.wlc.edu/
wisconsin-school-of-professional-psychology,Wisconsin School of Professional Psychology,WI,240213,1,www.wspp.edu/
wittenberg-university,Wittenberg University,OH,206525,0,www.wittenberg.edu/
won-institute-of-graduate-studies,Won Institute of Graduate Studies,PA,442064,1,www.woninstitute.edu/
wongu-university-of-oriental-medicine,Wongu University of Oriental Medicine,NV,488907,0,www.wongu.edu/
woodbury-university,Woodbury University,CA,125897,0,https://woodbury.edu/
worcester-polytechnic-institute,Worcester Polytechnic Institute,MA,168421,1,https://www.wpi.edu/
worcester-state-university,Worcester State University,MA,168430,0,https://www.worcester.edu/
world-mission-university,World Mission University,CA,401223,1,www.wmu.edu/
wright-graduate-university-for-the-realization-of-human-potential,Wright Graduate University for the Realization of Human Potential,WI,486460,1,
wright-state-university-main-campus,Wright State University-Main Campus,OH,206604,1,www.wright.edu/
xavier-university,Xavier University,OH,206622,1,https://www.xavier.edu/
xavier-university-of-louisiana,Xavier University of Louisiana,LA,160904,1,https://www.xula.edu/
yale-university,Yale University,CT,130794,1,https://www.yale.edu/
yeshiva-derech-chaim,Yeshiva Derech Chaim,NY,197647,1,https://ydc.edu/
yeshiva-university,Yeshiva University,NY,197708,1,www.yu.edu/
yeshivah-gedolah-rabbinical-college,Yeshivah Gedolah Rabbinical College,FL,363712,0,www.lecfl.com/
yeshivath-beth-moshe,Yeshivath Beth Moshe,PA,217040,1,https://yeshivabethmoshe.com/
yeshivath-shaar-hatorah,Yeshivath Shaar Hatorah,NY,197692,0,shaarhatorah.edu/
yo-san-university-of-traditional-chinese-medicine,Yo San University of Traditional Chinese Medicine,CA,401250,1,yosan.edu/
york-college-of-pennsylvania,York College of Pennsylvania,PA,217059,1,https://www.ycp.edu/
york-university,York University,NE,181853,0,www.york.edu/
young-harris-college,Young Harris College,GA,141361,0,www.yhc.edu/
youngstown-state-university,Youngstown State University,OH,206695,1,https://ysu.edu/
